ID_number,Player Name,Position,Team
0,"Abanikanda, Israel",RB,Dallas Cowboys
1,"Abdullah, Ameer",RB,Indianapolis Colts
2,"Abdullah, Yasir",LB,Jacksonville Jaguars
3,"Abraham, Brian",LB,DC Defenders
4,"Abraham, Micah",DB,Orlando Storm
5,"Abrams-Draine, Kris",DB,Denver Broncos
6,"Achane, De'Von",RB,Miami Dolphins
7,"Adams, Davante",WR,Los Angeles Rams
8,"Adams, Devin",DL,Winnipeg Blue Bombers
9,"Adams, Isaiah",OT,Arizona Cardinals
10,"Adams, Jamal",LB,Las Vegas Raiders
11,"Adams, Jonathan",WR,Louisville Kings
12,"Adams, Myles",DE,Detroit Lions
13,"Adams, Tony",DB,New York Jets
14,"Adams, Tyrie",QB,Ottawa RedBlacks
15,"Adams, Vernon",QB,Calgary Stampeders
16,"Addae, Alonzo",DB,Ottawa RedBlacks
17,"Addison, Bralon",WR,Ottawa RedBlacks
18,"Addison, Jordan",WR,Minnesota Vikings
19,"Adebawore, Adetomiwa",DT,Indianapolis Colts
20,"Adebo, Paulson",DB,New York Giants
21,"Adeboboye, Daniel",RB,Ottawa RedBlacks
22,"Adeniji, Hakeem",OT,Dallas Cowboys
23,"Adeyemi-Berglund, Isaac",DE,Montreal Alouettes
24,"Adjey, Peter",LS,Ottawa RedBlacks
25,"Adkins, Nate",TE,Denver Broncos
26,"Adomitis, Cal",LS,Pittsburgh Steelers
27,"Ageli, Muftah",DL,Ottawa RedBlacks
28,"Agoha, David Ebuka",DE,Tennessee Titans
29,"Agude, Mitchell",LB,Houston Gamblers
30,"Ahmed, Salvon",RB,Indianapolis Colts
31,"Aiyuk, Brandon",WR,San Francisco 49ers
32,"Ajiake, Austin",LB,Indianapolis Colts
33,"Ajou, Ajou",WR,Saskatchewan Roughriders
34,"Akers, Cam",RB,Seattle Seahawks
35,"Akharaiyi, Kelly",WR,St. Louis BattleHawks
36,"Akingbesote, Tommy",DT,Buffalo Bills
37,"Akingbulu, Alex",OT,Dallas Renegades
38,"Akins, Jordan",TE,Jacksonville Jaguars
39,"Al-Shaair, Azeez",LB,Houston Texans
40,"Alarcon, Isaac",OT,San Francisco 49ers
41,"Alexander, Darius",DT,New York Giants
42,"Alexander, Davis",QB,Montreal Alouettes
43,"Alexander, Maurice",WR,Chicago Bears
44,"Alford, Damien",WR,Calgary Stampeders
45,"Alford, DeAundre",DB,Atlanta Falcons
46,"Alford, Mario",WR,Saskatchewan Roughriders
47,"Ali, Rasheen",RB,Baltimore Ravens
48,"Alie-Cox, Mo",TE,Indianapolis Colts
49,"All, Erick",TE,Cincinnati Bengals
50,"Allegretti, Nick",OG,Washington Commanders
51,"Allen, Braelon",RB,New York Jets
52,"Allen, Brandon",QB,Tennessee Titans
53,"Allen, Brevin",LB,Toronto Argonauts
54,"Allen, Cam",DB,Winnipeg Blue Bombers
55,"Allen, Christopher",LB,Houston Gamblers
56,"Allen, Davis",TE,Los Angeles Rams
57,"Allen, Dejon",OT,British Columbia Lions
58,"Allen, Jaylon",DE,Louisville Kings
59,"Allen, Jonathan",DT,Minnesota Vikings
60,"Allen, Josh",QB,Buffalo Bills
61,"Allen, Junior",LB,Saskatchewan Roughriders
62,"Allen, Keenan",WR,Los Angeles Chargers
63,"Allen, Kyle",QB,Detroit Lions
64,"Allen, LeQuint",RB,Jacksonville Jaguars
65,"Allen, Zach",DE,Denver Broncos
66,"Allgeier, Tyler",RB,Atlanta Falcons
67,"Alston, Elijah",DL,Edmonton Elks
68,"Alt, Joe",OT,Los Angeles Chargers
69,"Amadi, Ugo",DB,New Orleans Saints
70,"Ambers, King",DB,Ottawa RedBlacks
71,"Amegadjie, Kiran",OT,Chicago Bears
72,"Amos, DaShaun",DB,Hamilton Tiger-Cats
73,"Amos, Trey",DB,Washington Commanders
74,"Anae, Bradlee",DE,British Columbia Lions
75,"Anchrum, Tremayne",OG,Dallas Renegades
76,"Andersen, Troy",LB,Atlanta Falcons
77,"Anderson, Alec",OT,Buffalo Bills
78,"Anderson, Calvin",OT,Pittsburgh Steelers
79,"Anderson, Dee",WR,Orlando Storm
80,"Anderson, Deontay",DB,DC Defenders
81,"Anderson, Dorian",WR,Toronto Argonauts
82,"Anderson, Evan",DT,San Francisco 49ers
83,"Anderson, Liam",LB,Cincinnati Bengals
84,"Anderson, Mario",RB,Saskatchewan Roughriders
85,"Anderson, Nick",LB,Edmonton Elks
86,"Anderson, Ryder",DT,Birmingham Stallions
87,"Anderson, Spencer",OT,Pittsburgh Steelers
88,"Anderson, Ty",DL,Hamilton Tiger-Cats
89,"Anderson, Tycen",DB,Cincinnati Bengals
90,"Anderson, Will",DE,Houston Texans
91,"Anderson, Zayne",DB,Green Bay Packers
92,"Andreessen, Joe",LB,Buffalo Bills
93,"Andrews, Jake",C,Houston Texans
94,"Andrews, Mark",TE,Baltimore Ravens
95,"Anger, Bryan",P,Dallas Cowboys
96,"Anthony, Daijahn",DB,Cincinnati Bengals
97,"Antonio, Javon",WR,DC Defenders
98,"Antwi, Jeshrun",RB,Calgary Stampeders
99,"Antwine, Israel",DT,Houston Gamblers
100,"Baccellia, Andre",WR,Arizona Cardinals
101,"Bachie, Joe",LB,Tennessee Titans
102,"Bachman, Alex",WR,Las Vegas Raiders
103,"Badger, Elijhah",WR,Orlando Storm
104,"Badie, Tyler",RB,Denver Broncos
105,"Bagent, Tyson",QB,Chicago Bears
106,"Bagnah, Isaiah",DL,Hamilton Tiger-Cats
107,"Bailey, Jake",P,Miami Dolphins
108,"Bailey, Levelle",LB,Denver Broncos
109,"Bailey, Markus",LB,Birmingham Stallions
110,"Baker, Budda",DB,Arizona Cardinals
111,"Baker, Darrell",DB,Tennessee Titans
112,"Baker, Deandre",DB,DC Defenders
113,"Baker, Jerome",LB,Cleveland Browns
114,"Baker, Ryan",LB,Hamilton Tiger-Cats
115,"Baldonado, Habakkuk",DL,Saskatchewan Roughriders
116,"Baldwin, Daylen",WR,Calgary Stampeders
117,"Baldwin, Johnathan",DB,Green Bay Packers
118,"Baldwin, Monaray",WR,Houston Gamblers
119,"Ball, Ethan",DB,Winnipeg Blue Bombers
120,"Ballage, Kalen",RB,Louisville Kings
121,"Ballentine, Corey",DB,Dallas Cowboys
122,"Bandy, Michael",WR,Denver Broncos
123,"Bane, Shawn",WR,Saskatchewan Roughriders
124,"Banks, Aaron",OG,Green Bay Packers
125,"Banks, Brant",OT,Green Bay Packers
126,"Banks, Deonte",DB,New York Giants
127,"Banks, Kelvin",OT,New Orleans Saints
128,"Banks, Keshawn",LB,Orlando Storm
129,"Banks, Marcus",DB,Tampa Bay Buccaneers
130,"Bannatyne, Mack",DB,Hamilton Tiger-Cats
131,"Barber, Jabre",WR,Birmingham Stallions
132,"Barber, Ricky",DT,Washington Commanders
133,"Barcoo, Luqman",DB,St. Louis BattleHawks
134,"Baringer, Bryce",P,New England Patriots
135,"Barkley, Saquon",RB,Philadelphia Eagles
136,"Barlow, Brandon",DL,Edmonton Elks
137,"Barmore, Christian",DT,New England Patriots
138,"Barner, AJ",TE,Seattle Seahawks
139,"Barnes, Clark",WR,Calgary Stampeders
140,"Barnes, Derrick",LB,Detroit Lions
141,"Barnes, Krys",LB,Carolina Panthers
142,"Barnes, Marcus",DB,Columbus Aviators
143,"Barnes, William",OT,Calgary Stampeders
144,"Barnes, Zaire",LB,New York Giants
145,"Barnett, Dante",DT,Green Bay Packers
146,"Barnett, Derek",DE,Houston Texans
147,"Barnhart, Karsen",OG,Green Bay Packers
148,"Barno, Amaré",LB,Columbus Aviators
149,"Baron, Tyler",DE,New York Jets
150,"Barrett, Michael",LB,St. Louis BattleHawks
151,"Barron, Jahdae",DB,Denver Broncos
152,"Barron, Justin",LB,Dallas Cowboys
153,"Barrow, Quinton",OT,Hamilton Tiger-Cats
154,"Barrs, Kyon",DT,Houston Gamblers
155,"Barry, Trae",TE,DC Defenders
156,"Bartch, Ben",OG,San Francisco 49ers
157,"Bartholomew, Gavin",TE,Minnesota Vikings
158,"Bartholomew, Shemar",DB,Green Bay Packers
159,"Bartlett, Jared",LB,Arizona Cardinals
160,"Barton, Cody",LB,Tennessee Titans
161,"Barton, Graham",C,Tampa Bay Buccaneers
162,"Basham, Carlos",LB,Las Vegas Raiders
163,"Baskerville, Micah",LB,DC Defenders
164,"Bass, Caeleb",TE,Houston Gamblers
165,"Bass, T.J.",OG,Dallas Cowboys
166,"Bass, Tyler",K,Buffalo Bills
167,"Bassa, Jeffrey",LB,Kansas City Chiefs
168,"Bateman, Rashod",WR,Baltimore Ravens
169,"Bates, Brenden",TE,Cleveland Browns
170,"Bates, Jake",K,Detroit Lions
171,"Bates III, Jessie",DB,Atlanta Falcons
172,"Bates, John",TE,Washington Commanders
173,"Bates, Ryan",OG,Chicago Bears
174,"Battle, Jordan",DB,Cincinnati Bengals
175,"Battle, Miles",DB,New England Patriots
176,"Batty, Tyler",LB,Minnesota Vikings
177,"Baugh, Kyler",DT,Pittsburgh Steelers
178,"Baun, Zack",LB,Philadelphia Eagles
179,"Bayer, Jacob",C,Cincinnati Bengals
180,"Bazelak, Connor",QB,Tampa Bay Buccaneers
181,"Beachum, Kelvin",OT,Arizona Cardinals
182,"Beal, Robert",DE,San Francisco 49ers
183,"Bean, Jason",QB,Louisville Kings
184,"Beanum, Dalys",DB,New Orleans Saints
185,"Beard, David",OL,Edmonton Elks
186,"Beard-Aigret, Maceo",DB,DC Defenders
187,"Beathard, C.J.",QB,Detroit Lions
188,"Beauchemin, Nate",DB,Montreal Alouettes
189,"Beaulieu, Cristophe",DB,British Columbia Lions
190,"Beauplan, Abraham",LB,St. Louis BattleHawks
191,"Bech, Jack",WR,Las Vegas Raiders
192,"Beck, Andrew",RB,New York Jets
193,"Beckett, Tavante",LB,Orlando Storm
194,"Becton, Mekhi",OG,Los Angeles Chargers
195,"Beebe, Cooper",C,Dallas Cowboys
196,"Beecham, Abdul",OG,Dallas Renegades
197,"Begelton, Reggie",WR,Calgary Stampeders
198,"Bell, Bryce",OL,Calgary Stampeders
199,"Bell, Carter",WR,Louisville Kings
200,"Cabeldue, Bryce",OG,Seattle Seahawks
201,"Cabral, Cohl",C,Columbus Aviators
202,"Cadwallader, Tanner",LB,Winnipeg Blue Bombers
203,"Cage, Jerron",DT,Montreal Alouettes
204,"Cager, Lawrence",TE,Washington Commanders
205,"Cain, Deon",WR,Birmingham Stallions
206,"Cajuste, Yodny",OT,Miami Dolphins
207,"Calcaterra, Grant",TE,Philadelphia Eagles
208,"Caldwell, Jamaree",DT,Los Angeles Chargers
209,"Calhoun, Jalon",WR,Edmonton Elks
210,"Caliendo, Mike",OG,Kansas City Chiefs
211,"Callender, Nick",OT,Montreal Alouettes
212,"Calligan, Keydrain",DB,Tennessee Titans
213,"Callis, Donovan",DB,Montreal Alouettes
214,"Cambre, Dalen",WR,New York Giants
215,"Campbell, Anthony",DT,Green Bay Packers
216,"Campbell, Calais",DT,Arizona Cardinals
217,"Campbell, Chance",LB,Philadelphia Eagles
218,"Campbell, Dalevon",WR,Los Angeles Chargers
219,"Campbell, Elijah",DB,Miami Dolphins
220,"Campbell, Jack",LB,Detroit Lions
221,"Campbell, Jihaad",LB,Philadelphia Eagles
222,"Campbell Jr., John",OT,Houston Gamblers
223,"Campbell, Parris",WR,Dallas Cowboys
224,"Campbell, Tevaughn",DB,Saskatchewan Roughriders
225,"Campbell, Tyson",DB,Cleveland Browns
226,"Campbell, Will",OT,New England Patriots
227,"Camper, Cam",WR,Orlando Storm
228,"Cannella, Sal",TE,Cleveland Browns
229,"Canteen, Derrick",DB,San Francisco 49ers
230,"Cantin-Arku, Geoffrey",LB,Montreal Alouettes
231,"Cappa, Alex",OG,Las Vegas Raiders
232,"Cardona, Joe",LS,Miami Dolphins
233,"Carey, Ka'Deem",RB,Saskatchewan Roughriders
234,"Carlies, Jaylon",LB,Indianapolis Colts
235,"Carlson, Daniel",K,Las Vegas Raiders
236,"Carlson, Stephen",TE,Chicago Bears
237,"Carlton, Xavier",LB,Louisville Kings
238,"Carman, Jackson",OT,Birmingham Stallions
239,"Carney, Malik",DL,Saskatchewan Roughriders
240,"Carpenter, Tariq",DB,St. Louis BattleHawks
241,"Carr, Maliq",TE,DC Defenders
242,"Carson, Caelen",DB,Dallas Cowboys
243,"Carson, Samuel",OL,Ottawa RedBlacks
244,"Carter, Abdul",LB,New York Giants
245,"Carter, Ajani",DB,Houston Texans
246,"Carter, Andre",LB,Miami Dolphins
247,"Carter, Andre",DE,Toronto Argonauts
248,"Carter, Barrett",LB,Cincinnati Bengals
249,"Carter, Bryce",DL,Ottawa RedBlacks
250,"Carter, Cam",OT,Houston Gamblers
251,"Carter, DeAndre",WR,Cleveland Browns
252,"Carter, DeWayne",DT,Buffalo Bills
253,"Carter, Ja'Tyre",OG,Carolina Panthers
254,"Carter, Jalen",DT,Philadelphia Eagles
255,"Carter, Michael",RB,Arizona Cardinals
256,"Carter, Michael",DB,Philadelphia Eagles
257,"Carter, Nathan",RB,Atlanta Falcons
258,"Carter Jr., Robert",DB,British Columbia Lions
259,"Carter, T.J.",DE,Birmingham Stallions
260,"Carter, Zachary",DT,Arizona Cardinals
261,"Carvin, Jerome",OG,Jacksonville Jaguars
262,"Case, Kody",WR,Winnipeg Blue Bombers
263,"Casey, Aaron",LB,Toronto Argonauts
264,"Cashman, Blake",LB,Minnesota Vikings
265,"Cassar, Jack",LB,Toronto Argonauts
266,"Castillo, Sergio",K,Winnipeg Blue Bombers
267,"Castles, McCallan",TE,Green Bay Packers
268,"Castro, Sebastian",DB,Pittsburgh Steelers
269,"Castro-Fields, Tariq",DB,Philadelphia Eagles
270,"Ceaser, Nelson",DE,Columbus Aviators
271,"Cephus, Joshua",WR,Jacksonville Jaguars
272,"Cephus, Quintez",WR,Houston Texans
273,"Ceresna, Jake",DE,Edmonton Elks
274,"Chaisson, K'Lavon",LB,New England Patriots
275,"Chambers, Steele",LB,Louisville Kings
276,"Chambliss, Chaz",LB,Minnesota Vikings
277,"Chandler, Ty",RB,Minnesota Vikings
278,"Chapman, Kory",DB,Louisville Kings
279,"Charbonnet, Zach",RB,Seattle Seahawks
280,"Charles, Irvin",WR,New York Jets
281,"Charles, Kendy",DL,Saskatchewan Roughriders
282,"Charles, Saahdiq",OG,Carolina Panthers
283,"Charlton, Taco",DE,Dallas Renegades
284,"Chase, Ja'Marr",WR,Cincinnati Bengals
285,"Chatfield Jr., Andrew",DL,Toronto Argonauts
286,"Chatman, Elijah",DT,New York Giants
287,"Chaves, Simon",DB,Toronto Argonauts
288,"Chenal, Leo",LB,Kansas City Chiefs
289,"Cherelus, Claudin",LB,Carolina Panthers
290,"Chernak Jr., Chris",OL,Birmingham Stallions
291,"Cherry, Nathan",DL,British Columbia Lions
292,"Chestnut, Julius",RB,Tennessee Titans
293,"Childress, Zion",DB,Dallas Cowboys
294,"Chinn, Jeremy",DB,Las Vegas Raiders
295,"Chisena, Dan",WR,Carolina Panthers
296,"Chism, Efton",WR,New England Patriots
297,"Chism, Keke",WR,Columbus Aviators
298,"Choquette, Ludovick",RB,Calgary Stampeders
299,"Chosen, Robbie",WR,Washington Commanders
300,"Dabire, Charbel",DL,Saskatchewan Roughriders
301,"Dabney, Drake",TE,Green Bay Packers
302,"Dalcourt, Darrian",OG,Cleveland Browns
303,"Dalke, Jayden",DB,Saskatchewan Roughriders
304,"Dallaire, David",RB,Montreal Alouettes
305,"Dallas, DeeJay",RB,Jacksonville Jaguars
306,"Dalman, Drew",C,Chicago Bears
307,"Dalton, Andy",QB,Carolina Panthers
308,"Daly, Scott",LS,Chicago Bears
309,"Daniels, DaVaris",WR,Toronto Argonauts
310,"Daniels, James",OG,Miami Dolphins
311,"Daniels, Jayden",QB,Washington Commanders
312,"Daniels, Roderick",WR,Dallas Renegades
313,"Dankwah, Anim",OT,Toronto Argonauts
314,"Danna, Mike",DE,Kansas City Chiefs
315,"Dantzler, Cameron",DB,Louisville Kings
316,"Darby, Frank",WR,St. Louis BattleHawks
317,"Darkangelo, Isaac",LB,Toronto Argonauts
318,"Darnold, Sam",QB,Seattle Seahawks
319,"Darrisaw, Christian",OT,Minnesota Vikings
320,"Dart, Jaxson",QB,New York Giants
321,"Davenport, Marcus",DE,Detroit Lions
322,"David, Lavonte",LB,Tampa Bay Buccaneers
323,"Davidson, D.J.",DT,New York Giants
324,"Davidson, Marlon",DT,Houston Texans
325,"Davidson, Zach",TE,New York Giants
326,"Davis, Akeem",LB,Arizona Cardinals
327,"Davis, Ashtyn",DB,Miami Dolphins
328,"Davis, Carlos",DT,St. Louis BattleHawks
329,"Davis, Carlton",DB,New England Patriots
330,"Davis, Chace",DT,Dallas Renegades
331,"Davis, Daewood",WR,Birmingham Stallions
332,"Davis, Demario",LB,New Orleans Saints
333,"Davis, Derius",WR,Los Angeles Chargers
334,"Davis, Domenique",DT,Dallas Renegades
335,"Davis, Gabriel",WR,Buffalo Bills
336,"Davis, Isaiah",RB,New York Jets
337,"Davis, Jaden",DB,Arizona Cardinals
338,"Davis, Jalen",DB,Cincinnati Bengals
339,"Davis, Jamin",LB,Las Vegas Raiders
340,"Davis, Jasheen",DE,Orlando Storm
341,"Davis, Javaris",DB,Winnipeg Blue Bombers
342,"Davis, Joaquin",WR,Minnesota Vikings
343,"Davis, Jordan",DT,Philadelphia Eagles
344,"Davis, Kaden",WR,Cleveland Browns
345,"Davis, Kalia",DT,San Francisco 49ers
346,"Davis, Malik",RB,Dallas Cowboys
347,"Davis, Michael",DB,New Orleans Saints
348,"Davis, Rashard",WR,Columbus Aviators
349,"Davis, Re'Mahn",RB,Buffalo Bills
350,"Davis, Tyler",TE,Birmingham Stallions
351,"Davis, Tyler",DE,Los Angeles Rams
352,"Davis-Price, Tyrion",RB,Birmingham Stallions
353,"Davison, Elliott",DB,New Orleans Saints
354,"Dawkins, Dion",OT,Buffalo Bills
355,"Dawkins, Noah",LB,Columbus Aviators
356,"Daxon, Denzel",DT,Arizona Cardinals
357,"Day, Sheldon",DT,Washington Commanders
358,"Deablo, Divine",LB,Atlanta Falcons
359,"Dean, Jamel",DB,Tampa Bay Buccaneers
360,"Dean, Nakobe",LB,Philadelphia Eagles
361,"Dean, Trey",DB,DC Defenders
362,"Debaillie, Tibo",DL,British Columbia Lions
363,"Decker, Taylor",OT,Detroit Lions
364,"Deckers, Evan",LS,Tampa Bay Buccaneers
365,"Deculus, Austin",OT,Los Angeles Chargers
366,"Dedich, Justin",OG,Los Angeles Rams
367,"Dedmon, Devonte",WR,Ottawa RedBlacks
368,"Deguara, Josiah",TE,Arizona Cardinals
369,"DeJean, Cooper",DB,Philadelphia Eagles
370,"Dekkers, Hunter",QB,Houston Gamblers
371,"Dell, Nathaniel",WR,Houston Texans
372,"Dellinger, Garrett",OG,Tennessee Titans
373,"DeLoach, Kalen",LB,Dallas Renegades
374,"Delpit, Grant",DB,Cleveland Browns
375,"Demercado, Emari",RB,Arizona Cardinals
376,"Demery, D'Antne",OL,Calgary Stampeders
377,"Demski, Nic",WR,Winnipeg Blue Bombers
378,"Denis, Lukas",DB,Birmingham Stallions
379,"Dennis, SirVocea",LB,Tampa Bay Buccaneers
380,"Dent, Akeem",DB,Columbus Aviators
381,"DePaola, Andrew",LS,Minnesota Vikings
382,"Dequoy, Marc-Antoine",DB,Montreal Alouettes
383,"DeShields, Solomon",LB,Houston Gamblers
384,"Desjarlais, Drew",OL,Ottawa RedBlacks
385,"Devine-Scott, Bailey",DB,Calgary Stampeders
386,"DeVito, Tommy",QB,New England Patriots
387,"Devonshire, M.J.",DB,Buffalo Bills
388,"Dexter, Gervon",DT,Chicago Bears
389,"Diabate, Mohamoud",LB,Cleveland Browns
390,"Diaby, YaYa",LB,Tampa Bay Buccaneers
391,"Dial, Marcellas",DB,New England Patriots
392,"Dicker, Cameron",K,Los Angeles Chargers
393,"Dickerson, Landon",OG,Philadelphia Eagles
394,"Dickerson, Matt",DT,Jacksonville Jaguars
395,"Dickson, Michael",P,Seattle Seahawks
396,"Diesch, Kellen",OT,Houston Gamblers
397,"Diggs, Fadil",DE,New Orleans Saints
398,"Diggs, Quandre",DB,Seattle Seahawks
399,"Diggs, Stefon",WR,New England Patriots
400,"Ealy, Adrian",OT,DC Defenders
401,"Eberhardt, Ayden",WR,British Columbia Lions
402,"Ebiketie, Arnold",DE,Atlanta Falcons
403,"Eboigbe, Justin",DT,Los Angeles Chargers
404,"Ebukam, Samson",DE,Indianapolis Colts
405,"Echols, Brandin",DB,Pittsburgh Steelers
406,"Echols, Power",LB,Houston Texans
407,"Echols-Luper, Cameron",WR,Birmingham Stallions
408,"Edmonds, Chase",RB,Washington Commanders
409,"Edmonds, Chris",DB,Cleveland Browns
410,"Edmunds, Terrell",DB,Las Vegas Raiders
411,"Edmunds, Tremaine",LB,Chicago Bears
412,"Edoga, Chuma",OG,Jacksonville Jaguars
413,"Edouard, Jonathan",DB,Toronto Argonauts
414,"Edwards, David",OG,Buffalo Bills
415,"Edwards, Donovan",RB,Miami Dolphins
416,"Edwards, Johnathan",DB,Indianapolis Colts
417,"Edwards Jr., Mario",DT,Houston Texans
418,"Edwards, Mike",DB,Kansas City Chiefs
419,"Edwards, Mike",OG,Orlando Storm
420,"Edwards, T.J.",LB,Chicago Bears
421,"Edwards, TeRah",DT,Los Angeles Chargers
422,"Edwards, Tru",WR,Los Angeles Rams
423,"Edwards-Cooper, Jalon",DB,British Columbia Lions
424,"Edwards-Helaire, Clyde",RB,Kansas City Chiefs
425,"Egbuka, Emeka",WR,Tampa Bay Buccaneers
426,"Eguakun, Kingsley",C,Cleveland Browns
427,"Ehlinger, Sam",QB,Denver Broncos
428,"Eichenberg, Liam",OG,Miami Dolphins
429,"Eichenberg, Tommy",LB,Las Vegas Raiders
430,"Eiland, Greg",OT,Edmonton Elks
431,"Ekeji, Paschal",DE,New York Jets
432,"Ekeler, Austin",RB,Washington Commanders
433,"Ekeler, Wyett",DB,Indianapolis Colts
434,"Ekuale, Daniel",DT,Pittsburgh Steelers
435,"Ekwonu, Ikem",OT,Carolina Panthers
436,"Elam, Kaiir",DB,Tennessee Titans
437,"Eley, Ayinde",LB,Ottawa RedBlacks
438,"Elgersma, Taylor",QB,Birmingham Stallions
439,"Eli, Tavita",OL,Winnipeg Blue Bombers
440,"Elkin, Luke",LS,Las Vegas Raiders
441,"Elliott, DeShon",DB,Pittsburgh Steelers
442,"Elliott, Jake",K,Philadelphia Eagles
443,"Elliott, Jordan",DT,San Francisco 49ers
444,"Ellis, Keaton",DB,Louisville Kings
445,"Elliss, Christian",LB,New England Patriots
446,"Elliss, Jonah",LB,Denver Broncos
447,"Elliss, Kaden",LB,Atlanta Falcons
448,"Eluemunor, Jermaine",OT,New York Giants
449,"Emerson, Martin",DB,Cleveland Browns
450,"Emilus, Samuel",WR,Saskatchewan Roughriders
451,"Emmanwori, Nick",DB,Seattle Seahawks
452,"Enagbare, Kingsley",LB,Green Bay Packers
453,"Enechukwu, Ikenna",LB,Houston Gamblers
454,"Engram, Evan",TE,Denver Broncos
455,"Ento, Kabion",DB,Montreal Alouettes
456,"Epenesa, A.J.",DE,Buffalo Bills
457,"Epps, Marcus",DB,Philadelphia Eagles
458,"Ergle, Hampton",OL,Toronto Argonauts
459,"Ersery, Aireontae",OT,Houston Texans
460,"Ertz, Zach",TE,Washington Commanders
461,"Eskridge, D'Wayne",WR,Miami Dolphins
462,"Ester, James",DT,Green Bay Packers
463,"Estime, Audric",RB,New Orleans Saints
464,"Etienne, Caleb",OT,Minnesota Vikings
465,"Etienne, Travis",RB,Jacksonville Jaguars
466,"Etienne, Trevor",RB,Carolina Panthers
467,"Evans, Akayleb",DB,Carolina Panthers
468,"Evans, Caleb",QB,Montreal Alouettes
469,"Evans, Ciante",DB,Montreal Alouettes
470,"Evans, Ethan",P,Los Angeles Rams
471,"Evans, Jessie",DL,Ottawa RedBlacks
472,"Evans, Mark",OT,Edmonton Elks
473,"Evans, Mike",WR,Tampa Bay Buccaneers
474,"Evans, Mitchell",TE,Carolina Panthers
475,"Evans, Tiyon",RB,Montreal Alouettes
476,"Ewers, Quinn",QB,Miami Dolphins
477,"Exumé, Kerfalla-Emmanuel",DB,Saskatchewan Roughriders
478,"Eze, Obinna",OT,Miami Dolphins
479,"Ezeiruaku, Donovan",DE,Dallas Cowboys
480,"Ezeudu, Joshua",OT,New York Giants
481,"Ezirim, Josiah",OT,Dallas Renegades
482,"Faalele, Daniel",OG,Baltimore Ravens
483,"Fairbairn, Ka'imi",K,Houston Texans
484,"Fairchild, Dylan",OG,Cincinnati Bengals
485,"Fairchild, Mason",TE,DC Defenders
486,"Fairweather, Rivaldo",TE,Arizona Cardinals
487,"Fajardo, Cody",QB,Edmonton Elks
488,"Fannin, Harold",TE,Cleveland Browns
489,"Fant, George",OT,Washington Commanders
490,"Fant, Noah",TE,Cincinnati Bengals
491,"Fant, Princeton",TE,Dallas Cowboys
492,"Farinaccio, Nicky-Alexander",LB,Calgary Stampeders
493,"Farmer, Andrew",LB,San Francisco 49ers
494,"Farmer, Joshua",DT,New England Patriots
495,"Farniok, Matt",OT,Columbus Aviators
496,"Farrell, Luke",TE,San Francisco 49ers
497,"Farrell, Neil",DT,St. Louis BattleHawks
498,"Fashanu, Olu",OT,New York Jets
499,"Fatukasi, Folorunso",DT,Houston Texans
500,"Fatukasi, Olakunle",LB,Birmingham Stallions
501,"Fautanu, Troy",OT,Pittsburgh Steelers
502,"Federico, Anthony",DL,Calgary Stampeders
503,"Feeney, Dan",OG,Tampa Bay Buccaneers
504,"Feeney, Travis",LB,St. Louis BattleHawks
505,"Fehoko, Junior",DT,Indianapolis Colts
506,"Fehoko, Simi",WR,Arizona Cardinals
507,"Felix-Fualalo, Luke",OT,Philadelphia Eagles
508,"Felton, Da'Quan",WR,New York Giants
509,"Felton, Tai",WR,Minnesota Vikings
510,"Ferdinand, Kaseem",WR,Montreal Alouettes
511,"Ferguson, Jake",TE,Dallas Cowboys
512,"Ferguson, Reid",LS,Buffalo Bills
513,"Ferguson, Terrance",TE,Los Angeles Rams
514,"Ferland, Logan",OL,Saskatchewan Roughriders
515,"Ferrell, Clelin",DE,San Francisco 49ers
516,"Fervius, Shedler",WR,Hamilton Tiger-Cats
517,"Fidone, Thomas",TE,New York Giants
518,"Fields, DaMarcus",DB,Saskatchewan Roughriders
519,"Fields, Justin",QB,New York Jets
520,"Filiaga, Chuck",OG,Columbus Aviators
521,"Findlay, Jackson",DB,British Columbia Lions
522,"Finley, A.J.",DB,Seattle Seahawks
523,"Firkser, Anthony",TE,Detroit Lions
524,"Fisher, Blake",OT,Houston Texans
525,"Fisher, Joseph",OT,Orlando Storm
526,"Fisher, Kyler",LB,Hamilton Tiger-Cats
527,"Fisher, Malik",DE,Houston Gamblers
528,"Fisk, Tucker",TE,Los Angeles Chargers
529,"Fiske, Braden",DE,Los Angeles Rams
530,"Fitzgerald, Ryan",K,Carolina Panthers
531,"Fitzpatrick, Dez",WR,Louisville Kings
532,"FitzPatrick, John",TE,Green Bay Packers
533,"Fitzpatrick, Minkah",DB,Miami Dolphins
534,"Flacco, Joe",QB,Cincinnati Bengals
535,"Flannigan-Fowles, Demetrius",LB,New York Giants
536,"Fleming, Dontae",WR,Minnesota Vikings
537,"Floriea, Luke",WR,Cleveland Browns
538,"Flott, Cordale",DB,New York Giants
539,"Flournoy, Ryan",WR,Dallas Cowboys
540,"Flowers, Dallis",DB,Chicago Bears
541,"Flowers, Tre",DB,Pittsburgh Steelers
542,"Flowers, Zay",WR,Baltimore Ravens
543,"Floyd, Leonard",DE,Atlanta Falcons
544,"Fluellen, Tra",DB,Dallas Renegades
545,"Folk, Nick",K,New York Jets
546,"Forbes, Emmanuel",DB,Los Angeles Rams
547,"Ford, Cody",OT,Cincinnati Bengals
548,"Ford, Jaxon",DB,Saskatchewan Roughriders
549,"Ford, Jaylan",LB,New Orleans Saints
550,"Ford, Jerome",RB,Cleveland Browns
551,"Ford, Jonathan",DT,Green Bay Packers
552,"Ford, Mike",DB,Atlanta Falcons
553,"Ford, Poona",DT,Los Angeles Rams
554,"Ford, Trace",LB,New York Giants
555,"Ford, Tre",QB,Edmonton Elks
556,"Ford, Tyrell",DB,Edmonton Elks
557,"Ford-Wheaton, Bryce",WR,New York Giants
558,"Fornadel, Liam",OT,New York Jets
559,"Forrest, Darrick",DB,San Francisco 49ers
560,"Forsyth, Alex",C,Denver Broncos
561,"Forsythe, Stone",OT,Las Vegas Raiders
562,"Fortin, Christopher",OL,Calgary Stampeders
563,"Fortner, Luke",C,New Orleans Saints
564,"Foskey, Isaiah",DE,Cincinnati Bengals
565,"Foster, Javon",OT,Cincinnati Bengals
566,"Foster, Montorie",WR,Seattle Seahawks
567,"Fotu, Leki",DT,Houston Texans
568,"Foucault, David",OT,British Columbia Lions
569,"Fowler Jr., Dante",DE,Dallas Cowboys
570,"Fox, Jack",P,Detroit Lions
571,"Fox, Konner",TE,Orlando Storm
572,"Fox, Miles",DL,Hamilton Tiger-Cats
573,"Fox, Tomari",DT,Edmonton Elks
574,"Fox, Tomon",LB,New York Giants
575,"Fraboni, MItchell",LS,Denver Broncos
576,"Franklin, Benjie",DB,Toronto Argonauts
577,"Franklin, Sam",DB,Buffalo Bills
578,"Franklin, TJ",DE,Dallas Renegades
579,"Franklin, Troy",WR,Denver Broncos
580,"Franklin, Zaire",LB,Indianapolis Colts
581,"Franklin-Myers, John",DE,Denver Broncos
582,"Gabriel, Dillon",QB,Cleveland Browns
583,"Gachuz Lozada, Alfredo",K,Toronto Argonauts
584,"Gadsden, Oronde",TE,Los Angeles Chargers
585,"Gagné, Alexandre",RB,Montreal Alouettes
586,"Gagnon, Philippe",OL,Saskatchewan Roughriders
587,"Gainer, Amari",LB,New England Patriots
588,"Gaines, Greg",DT,Tampa Bay Buccaneers
589,"Gaines, Jon",OG,Arizona Cardinals
590,"Gainwell, Kenny",RB,Pittsburgh Steelers
591,"Gallimore, Neville",DT,Indianapolis Colts
592,"Gano, Graham",K,New York Giants
593,"Gant, Dallas",LB,Louisville Kings
594,"Ganyi, Terrence",LB,British Columbia Lions
595,"Garand-Gauthier, Felix",RB,Toronto Argonauts
596,"Garber, Keenan",DB,Detroit Lions
597,"Garbutt, TyJuan",DL,Hamilton Tiger-Cats
598,"Garcia, Antonio",OT,Winnipeg Blue Bombers
599,"Garcia, Elijah",DT,Atlanta Falcons
600,"Gardeck, Dennis",LB,Jacksonville Jaguars
601,"Gardner, Ahmad",DB,Indianapolis Colts
602,"Gardner, Ferrod",DB,DC Defenders
603,"Gardner-Johnson, Chauncey",DB,Chicago Bears
604,"Gargiulo, Nick",OG,Denver Broncos
605,"Garibay, Jonathan",K,Birmingham Stallions
606,"Garner, Mekhi",DB,St. Louis BattleHawks
607,"Garnes, Chelen",LB,Edmonton Elks
608,"Garoppolo, Jimmy",QB,Los Angeles Rams
609,"Garrett, Chris",LB,Orlando Storm
610,"Garrett, Myles",DE,Cleveland Browns
611,"Garror, Eric",DB,Louisville Kings
612,"Garvin, Jonathan",DE,Chicago Bears
613,"Gary, Rashan",LB,Green Bay Packers
614,"Gaulden, Rashaan",DB,Winnipeg Blue Bombers
615,"Gauthier, Shayne",LB,Winnipeg Blue Bombers
616,"Gay, Willie",LB,Miami Dolphins
617,"Gaye, Ali",LB,Tennessee Titans
618,"George, Allan",DB,Orlando Storm
619,"George, Brandon",LB,Kansas City Chiefs
620,"George, Kenneth",DB,Toronto Argonauts
621,"Gesicki, Mike",TE,Cincinnati Bengals
622,"Gibbens, Jack",LB,New England Patriots
623,"Gibbon, Jesse",OL,Montreal Alouettes
624,"Gibbs, Jahmyr",RB,Detroit Lions
625,"Gibson, Antonio",RB,New England Patriots
626,"Giddens, DJ",RB,Indianapolis Colts
627,"Giffen, Dylan",OL,Toronto Argonauts
628,"Gifford, Luke",LB,San Francisco 49ers
629,"Gilbert, DaRon",LB,Birmingham Stallions
630,"Gilbert, Mark",DB,Orlando Storm
631,"Giles-Harris, Joe",LB,Cincinnati Bengals
632,"Gill, Trenton",P,Atlanta Falcons
633,"Gillan, Jamie",P,New York Giants
634,"Gilliam, Nathan",OT,Louisville Kings
635,"Gilliam, Reggie",RB,Buffalo Bills
636,"Gillikin, Blake",P,Arizona Cardinals
637,"Gillotte, Ashton",DE,Kansas City Chiefs
638,"Gilman, Alohi",DB,Baltimore Ravens
639,"Gilmore, Steven",DB,Birmingham Stallions
640,"Gipson, Trevis",LB,Carolina Panthers
641,"Gipson, Xavier",WR,New York Giants
642,"Gittens Jr., Kurleigh",WR,Edmonton Elks
643,"Givens, Kevin",DT,San Francisco 49ers
644,"Glaser, Chris",OG,Columbus Aviators
645,"Glasgow, Graham",OG,Detroit Lions
646,"Glaze, Delmar",OT,Las Vegas Raiders
647,"Glover, Travis",OT,Green Bay Packers
648,"Godber, Peter",OL,Ottawa RedBlacks
649,"Godchaux, Davon",DT,New Orleans Saints
650,"Godrick, Chukwuebuka",OT,Kansas City Chiefs
651,"Godwin, Chris",WR,Tampa Bay Buccaneers
652,"Goedeke, Luke",OT,Tampa Bay Buccaneers
653,"Goedert, Dallas",TE,Philadelphia Eagles
654,"Goff, Jared",QB,Detroit Lions
655,"Golden, Matthew",WR,Green Bay Packers
656,"Goldman, Eddie",DT,Washington Commanders
657,"Golston, Chauncey",DE,New York Giants
658,"Goncalves, Matt",OG,Indianapolis Colts
659,"Gonzalez, Christian",DB,New England Patriots
660,"Gonzalez, Michael",OG,Orlando Storm
661,"Gonzalez, Steven",OG,Birmingham Stallions
662,"Gonzalez, Zane",K,Atlanta Falcons
663,"Good-Jones, Julian",OG,Washington Commanders
664,"Goode, Cameron",LB,Miami Dolphins
665,"Goodlow, Anthony",DE,Pittsburgh Steelers
666,"Goodrich, Mario",DB,Birmingham Stallions
667,"Goodson, Tyler",RB,Indianapolis Colts
668,"Goodwin, C.J.",DB,Dallas Cowboys
669,"Gordon, Kyler",DB,Chicago Bears
670,"Gordon, Ollie",RB,Miami Dolphins
671,"Gordon, Thomas",TE,Chicago Bears
672,"Gore, Frank",RB,Buffalo Bills
673,"Gosnell, Stephen",WR,Buffalo Bills
674,"Gosselin, Anthony",RB,Ottawa RedBlacks
675,"Gotsis, Adam",DT,Tampa Bay Buccaneers
676,"Gould, Anthony",WR,Indianapolis Colts
677,"Gouraige, Richard",OT,St. Louis BattleHawks
678,"Grable, Tylan",OT,Buffalo Bills
679,"Grace, Cody",K,Edmonton Elks
680,"Graham, Brandon",DE,Philadelphia Eagles
681,"Graham, Jalen",LB,San Francisco 49ers
682,"Haack, Matt",P,Arizona Cardinals
683,"Hadden, Kamal",DB,Green Bay Packers
684,"Haener, Jake",QB,New Orleans Saints
685,"Hagerty, Joshua",DB,British Columbia Lions
686,"Haggard, Luke",OT,Tampa Bay Buccaneers
687,"Haggerty, John",K,Toronto Argonauts
688,"Hailassie, Kahlef",DB,Minnesota Vikings
689,"Hainsey, Robert",C,Jacksonville Jaguars
690,"Hairston, Maxwell",DB,Buffalo Bills
691,"Hajrullahu, Lirim",K,Toronto Argonauts
692,"Hakunavanhu, Luther",WR,Ottawa RedBlacks
693,"Hall, Breece",RB,New York Jets
694,"Hall, Brendan",K,Dallas Renegades
695,"Hall, Bryce",DB,Tampa Bay Buccaneers
696,"Hall, Darren",DB,Arizona Cardinals
697,"Hall, Derick",LB,Seattle Seahawks
698,"Hall, Gabe",DT,Philadelphia Eagles
699,"Hall, Justin",WR,Houston Gamblers
700,"Hall, Kemon",DB,Tennessee Titans
701,"Hall, Logan",DE,Tampa Bay Buccaneers
702,"Hall, Michael",DT,Cleveland Browns
703,"Hall, Tyler",DB,Seattle Seahawks
704,"Hallett, Erick",DB,Tennessee Titans
705,"Hallett, Nick",DB,Winnipeg Blue Bombers
706,"Ham, C.J.",RB,Minnesota Vikings
707,"Hamilton, Antonio",DB,Washington Commanders
708,"Hamilton, Davon",DT,Jacksonville Jaguars
709,"Hamilton, Kyle",DB,Baltimore Ravens
710,"Hamilton, Kyonte",DT,Houston Texans
711,"Hamilton, Ty",DT,Los Angeles Rams
712,"Hamler, KJ",WR,Orlando Storm
713,"Hamlin, Arthur",DB,Montreal Alouettes
714,"Hamlin, Damar",DB,Buffalo Bills
715,"Hamm, Malik",LB,Baltimore Ravens
716,"Hampton, Dominique",LB,Chicago Bears
717,"Hampton, Nick",LB,Los Angeles Rams
718,"Hampton, Omarion",RB,Los Angeles Chargers
719,"Hance, Blake",OT,Tennessee Titans
720,"Hancock, Jordan",DB,Buffalo Bills
721,"Hand, Da'Shawn",DT,Los Angeles Chargers
722,"Hankins, Deion",RB,Chicago Bears
723,"Hansen, Jake",LB,Houston Texans
724,"Hansen, Thiadric",DL,Toronto Argonauts
725,"Hanson, C.J.",OG,Kansas City Chiefs
726,"Harden, Myles",DB,Cleveland Browns
727,"Hardie, Chris",DE,St. Louis BattleHawks
728,"Hardman, Mecole",WR,Buffalo Bills
729,"Hardrick, Jermarcus",OT,Saskatchewan Roughriders
730,"Hardy, Daequan",DB,Pittsburgh Steelers
731,"Hardy, Daniel",LB,Chicago Bears
732,"Hardy, Justin",WR,Ottawa RedBlacks
733,"Hardy, William",LB,St. Louis BattleHawks
734,"Harelimana, Brian",LB,Toronto Argonauts
735,"Hargrave, Javon",DT,Minnesota Vikings
736,"Harmon, Derrick",DT,Pittsburgh Steelers
737,"Harper, Thomas",DB,Detroit Lions
738,"Harrell, Jaylen",LB,Tennessee Titans
739,"Harris, Ajene",DB,Dallas Renegades
740,"Harris, Bless",OT,Columbus Aviators
741,"Harris, Christian",LB,Houston Texans
742,"Harris, Darius",LB,New England Patriots
743,"Harris, Hakeem",WR,Montreal Alouettes
744,"Harris, Hayden",DE,British Columbia Lions
745,"Harris, Jonathan",DE,Minnesota Vikings
746,"Harris, Josh",LS,Los Angeles Chargers
747,"Harris, Marcus",DT,Kansas City Chiefs
748,"Harris, Marcus",DB,Tennessee Titans
749,"Harris, Najee",RB,Los Angeles Chargers
750,"Harris, Shelby",DT,Cleveland Browns
751,"Harris, Tre",WR,Los Angeles Chargers
752,"Harris, Trevor",QB,Saskatchewan Roughriders
753,"Harris, William",DB,Washington Commanders
754,"Harrison, Anton",OT,Jacksonville Jaguars
755,"Harrison, Malik",LB,Pittsburgh Steelers
756,"Harrison, Marvin",WR,Arizona Cardinals
757,"Harrison, Ronnie",LB,Atlanta Falcons
758,"Harrison, Zach",DE,Atlanta Falcons
759,"Harrison-Hunte, Jared",DE,Carolina Panthers
760,"Hart, Bobby",OT,Los Angeles Chargers
761,"Hart, Cam",DB,Los Angeles Chargers
762,"Hartman, Sam",QB,Washington Commanders
763,"Hartwig, Gus",C,New York Jets
764,"Harvey, Jahfari",DE,Las Vegas Raiders
765,"Harvey, RJ",RB,Denver Broncos
766,"Haskins, Hassan",RB,Los Angeles Chargers
767,"Hassanein, Ahmed",DE,Detroit Lions
768,"Hasty, JaMycal",RB,Miami Dolphins
769,"Hatcher, Keon",WR,British Columbia Lions
770,"Hatten, Hogan",LS,Detroit Lions
771,"Havenstein, Rob",OT,Los Angeles Rams
772,"Havrisik, Lucas",K,Green Bay Packers
773,"Hawes, Jackson",TE,Buffalo Bills
774,"Hawkins, Jaylinn",DB,New England Patriots
775,"Hawkins, Tayler",DB,St. Louis BattleHawks
776,"Hawkins, Tre",DB,Washington Commanders
777,"Hayes, Josh",DB,Tampa Bay Buccaneers
778,"Hayes, Marquis",OG,New York Jets
779,"Hayes, Ryan",OT,Atlanta Falcons
780,"Haynes, Christian",OG,Seattle Seahawks
781,"Haynesworth, Sincere",C,St. Louis BattleHawks
782,"Idoko, George",DL,Calgary Stampeders
783,"Ifedi, Germain",OT,Miami Dolphins
784,"Igbinoghene, Noah",DB,Washington Commanders
785,"Ika, Siaki",DT,Dallas Renegades
786,"Incoom, Thomas",LB,Carolina Panthers
787,"Ingle, Tanner",DB,Los Angeles Rams
788,"Ingold, Alec",RB,Miami Dolphins
789,"Ingram, Edward",OG,Houston Texans
790,"Ingram, Ja'Marcus",DB,Houston Texans
791,"Ingram, Keaontay",RB,Kansas City Chiefs
792,"Ingram-Dawkins, Tyrion",DT,Minnesota Vikings
793,"Iosivas, Andrei",WR,Cincinnati Bengals
794,"Irving, Mar'Keise",RB,Tampa Bay Buccaneers
795,"Irwin, Trenton",WR,New York Jets
796,"Isaac, Adisa",LB,Baltimore Ravens
797,"Isaac, Keenan",DB,Houston Gamblers
798,"Ismail, Qadir",TE,Chicago Bears
799,"Isom, Daniel",DB,St. Louis BattleHawks
800,"Iton, Isaiah",DT,New England Patriots
801,"Ivey, DJ",DB,Cincinnati Bengals
802,"Ivey, Jared",LB,Seattle Seahawks
803,"Ivey, Jason",OT,Orlando Storm
804,"Ivey, Martez",OT,Edmonton Elks
805,"Izien, Christian",DB,Tampa Bay Buccaneers
806,"Izzard, Coziah",DT,New Orleans Saints
807,"Jack-Kurdyla, Tomas",OL,Calgary Stampeders
808,"Jackson, Adoree'",DB,Philadelphia Eagles
809,"Jackson, Alaric",OT,Los Angeles Rams
810,"Jackson, Antwuan",DE,Dallas Renegades
811,"Jackson, Austin",OT,Miami Dolphins
812,"Jackson, Blake",WR,St. Louis BattleHawks
813,"Jackson, Brennan",LB,Las Vegas Raiders
814,"Jackson, CamRon",DT,Carolina Panthers
815,"Jackson, Courtney",WR,Seattle Seahawks
816,"Jackson, D'Marco",LB,Chicago Bears
817,"Jackson, Dan",DB,Detroit Lions
818,"Jackson, Dane",DB,Buffalo Bills
819,"Jackson, Deon",RB,DC Defenders
820,"Jackson, Donovan",OG,Minnesota Vikings
821,"Jackson, Donte",DB,Los Angeles Chargers
822,"Jackson, Drake",DE,Washington Commanders
823,"Jackson, Ja'Quinden",RB,Jacksonville Jaguars
824,"Jackson, Jalen",RB,Louisville Kings
825,"Jackson, JaQuae",WR,Los Angeles Chargers
826,"Jackson, Jermaine",WR,British Columbia Lions
827,"Jackson, Jha'Quan",WR,St. Louis BattleHawks
828,"Jackson, Jonah",OG,Chicago Bears
829,"Jackson, Jordan",DT,Denver Broncos
830,"Jackson, Kearis",WR,Edmonton Elks
831,"Jackson, Keondre",DB,Baltimore Ravens
832,"Jackson, Kordell",DB,Edmonton Elks
833,"Jackson, Lamar",QB,Baltimore Ravens
834,"Jackson, Lamar",DB,Orlando Storm
835,"Jackson, Landon",DE,Buffalo Bills
836,"Jackson, Matthew",DB,Winnipeg Blue Bombers
837,"Jackson, McKinnley",DT,Cincinnati Bengals
838,"Jackson, Michael",DB,Carolina Panthers
839,"Jackson, Nick",LB,Tampa Bay Buccaneers
840,"Jackson, Samuel",OT,Orlando Storm
841,"Jackson, Shedrick",WR,Las Vegas Raiders
842,"Jackson, Storey",LB,Columbus Aviators
843,"Jackson, Tarron",DE,San Francisco 49ers
844,"Jackson, Theo",DB,Minnesota Vikings
845,"Jackson, Tyree",TE,Washington Commanders
846,"Jacobs, Curtis",LB,DC Defenders
847,"Jacobs, Demontrey",OT,Arizona Cardinals
848,"Jacobs, Josh",RB,Green Bay Packers
849,"Jaimes, Brenden",OG,New England Patriots
850,"James, Andre",C,Los Angeles Chargers
851,"James, Derwin",DB,Los Angeles Chargers
852,"James, DJ",DB,Dallas Renegades
853,"James, Jordan",RB,San Francisco 49ers
854,"James, Kylin",RB,St. Louis BattleHawks
855,"James, LaMareon",DB,Houston Gamblers
856,"James, Shemar",LB,Dallas Cowboys
857,"Jamison, D'Shawn",DB,Pittsburgh Steelers
858,"Jansen, J.J.",LS,Carolina Panthers
859,"Janusas, Vyshonne",WR,Calgary Stampeders
860,"Jarrett, Grady",DT,Chicago Bears
861,"Jarvis, Omar",DB,Birmingham Stallions
862,"Jaworski, Matt",DL,Winnipeg Blue Bombers
863,"Jean-Baptiste, Javontae",DE,Washington Commanders
864,"Jean-Charles, Shemar",DB,Seattle Seahawks
865,"Jeanty, Ashton",RB,Las Vegas Raiders
866,"Jefferson, Jermar",RB,Arizona Cardinals
867,"Jefferson, Jordan",DT,Cincinnati Bengals
868,"Jefferson, Justin",WR,Minnesota Vikings
869,"Jefferson, Tony",DB,Los Angeles Chargers
870,"Jefferson, Van",WR,Tennessee Titans
871,"Jefferson, Willie",DL,Winnipeg Blue Bombers
872,"Jenkins, E.J.",TE,Philadelphia Eagles
873,"Jenkins, Elgton",OG,Green Bay Packers
874,"Jenkins, John",DT,Baltimore Ravens
875,"Jenkins, Keonta",LB,Buffalo Bills
876,"Jenkins, Kris",DT,Cincinnati Bengals
877,"Jenkins, Kydran",LB,Winnipeg Blue Bombers
878,"Jenkins, Patrick",DE,DC Defenders
879,"Jenkins, Rayshawn",DB,Cleveland Browns
880,"Jenkins, Teven",OG,Cleveland Browns
881,"Jennings, Anfernee",LB,New England Patriots
882,"Jennings, Deion",LB,Orlando Storm
883,"Jennings, Donovan",OT,Green Bay Packers
884,"Jennings, Gary",WR,St. Louis BattleHawks
885,"Jennings, Jauan",WR,San Francisco 49ers
886,"Jennings, Terrell",RB,New England Patriots
887,"Jensen, Nash",OG,Louisville Kings
888,"Jerrell, Michael",OT,Atlanta Falcons
889,"Jeudy, Jerry",WR,Cleveland Browns
890,"Jibunor, Richard",LB,Edmonton Elks
891,"Jiles Jr., Jon",WR,New England Patriots
892,"Jobe, Josh",DB,Seattle Seahawks
893,"John, Aidan",DL,Ottawa RedBlacks
894,"Johnson, Alex",DB,Los Angeles Rams
895,"Johnson, Amar",RB,Los Angeles Chargers
896,"Johnson, Anthony",DB,New York Giants
897,"Johnson, Anthony",DB,Calgary Stampeders
898,"Johnson, Antonio",DB,Jacksonville Jaguars
899,"Johnson, Austin",DT,Jacksonville Jaguars
900,"Johnson, Brandon",WR,Denver Broncos
901,"Johnson, Brandon",DB,Philadelphia Eagles
902,"Johnson, Buddy",LB,Indianapolis Colts
903,"Johnson, Caleb",LB,Miami Dolphins
904,"Johnson, Caleb",LB,Montreal Alouettes
905,"Johnson, Carlton",DB,Houston Gamblers
906,"Johnson, Cedric",DE,Cincinnati Bengals
907,"Kahmann, Tyler",WR,Toronto Argonauts
908,"Kaho, Ale",LB,Washington Commanders
909,"Kalinic, Nikola",TE,Chicago Bears
910,"Kallerup, Nick",TE,Seattle Seahawks
911,"Kamara, Alvin",RB,New Orleans Saints
912,"Kamara, Mohamed",LB,Tampa Bay Buccaneers
913,"Kamara, Sam",DT,Cleveland Browns
914,"Kancey, Calijah",DT,Tampa Bay Buccaneers
915,"Kane, Sanoussi",DB,Tennessee Titans
916,"Kapp, Jerome",WR,Orlando Storm
917,"Kareem, Khalid",DE,Atlanta Falcons
918,"Karlaftis, George",DE,Kansas City Chiefs
919,"Karras, Ted",C,Cincinnati Bengals
920,"Karty, Joshua",K,Arizona Cardinals
921,"Katsantonis, Stavros",DB,Hamilton Tiger-Cats
922,"Kazee, Damontae",DB,Detroit Lions
923,"Keegan, Trevor",OG,Dallas Cowboys
924,"Keeney-James, Jakobie",WR,Green Bay Packers
925,"Keenum, Case",QB,Chicago Bears
926,"Kelce, Travis",TE,Kansas City Chiefs
927,"Kelly, Chad",QB,Toronto Argonauts
928,"Kelly, Jake",DB,Winnipeg Blue Bombers
929,"Kelly, Josh",WR,Houston Texans
930,"Kelly, Kameron",DB,St. Louis BattleHawks
931,"Kelly, Kyu Blu",DB,Las Vegas Raiders
932,"Kelly, Ryan",C,Minnesota Vikings
933,"Kemp, Brandon",OT,Toronto Argonauts
934,"Kendall, Anthony",DB,Cleveland Browns
935,"Kendall, Drew",C,Philadelphia Eagles
936,"Kendrick, Derion",DB,Los Angeles Rams
937,"Kendricks, Eric",LB,San Francisco 49ers
938,"Kendricks, Mario",DT,Hamilton Tiger-Cats
939,"Kennard, Kyle",LB,Los Angeles Chargers
940,"Kennedy, Keylon",DB,St. Louis BattleHawks
941,"Kennedy, Robert",DB,Montreal Alouettes
942,"Kennedy, Tom",WR,Detroit Lions
943,"Kent, Donte",DB,Pittsburgh Steelers
944,"Kent Jr., Ronald",DB,British Columbia Lions
945,"Key, Arden",LB,Tennessee Titans
946,"Key, Devon",DB,Denver Broncos
947,"Keys, Austin",LB,Arizona Cardinals
948,"Keys, Lawrence",WR,Houston Gamblers
949,"Kidd, Sam",DB,DC Defenders
950,"Kieft, Ko",TE,Tampa Bay Buccaneers
951,"Kight, Amari",OT,Seattle Seahawks
952,"Killebrew, Miles",DB,Pittsburgh Steelers
953,"Kilty, Easton",OT,New Orleans Saints
954,"Kimber, Jalen",DB,Cincinnati Bengals
955,"Kincaid, Dalton",TE,Buffalo Bills
956,"Kinchens, Kamren",DB,Los Angeles Rams
957,"Kiner, Corey",RB,Arizona Cardinals
958,"King, Kalen",DB,Arizona Cardinals
959,"King, Kobe",LB,New York Jets
960,"Kingston, Jarrett",OT,Houston Texans
961,"Kinlaw, Javon",DT,Washington Commanders
962,"Kinnard, Darian",OT,Green Bay Packers
963,"Kinsey, Mason",WR,Tennessee Titans
964,"Kirk, Christian",WR,Houston Texans
965,"Kirkland, Jaxson",OG,Cincinnati Bengals
966,"Kirklin, Jontre",WR,Houston Gamblers
967,"Kirkwood, Keith",WR,Baltimore Ravens
968,"Kiser, Jack",LB,Jacksonville Jaguars
969,"Kittle, George",TE,San Francisco 49ers
970,"Klein, Elijah",OG,Tampa Bay Buccaneers
971,"Kmet, Cole",TE,Chicago Bears
972,"Knevel, David",OL,Ottawa RedBlacks
973,"Knight, Deionte",DL,Ottawa RedBlacks
974,"Knight, Demetrius",LB,Cincinnati Bengals
975,"Knight, Isaiah",RB,Edmonton Elks
976,"Knight, Tyrice",LB,Seattle Seahawks
977,"Knight, Zonovan",RB,Arizona Cardinals
978,"Knowles, Kevin",DB,Kansas City Chiefs
979,"Knox, Dawson",TE,Buffalo Bills
980,"Kohou, Kader",DB,Miami Dolphins
981,"Kolankowski, Chris",OL,Winnipeg Blue Bombers
982,"Kolar, Charlie",TE,Baltimore Ravens
983,"Konar, Adam",LB,British Columbia Lions
984,"Kone, Bilhal",DB,Baltimore Ravens
985,"Kongbo, Jonathan",DE,Edmonton Elks
986,"Koonce, Malcolm",DE,Las Vegas Raiders
987,"Kornelson, Collin",DL,Winnipeg Blue Bombers
988,"Korte, Mark",OL,Edmonton Elks
989,"Korte-Moore, Lake",DL,Saskatchewan Roughriders
990,"Kraft, Tucker",TE,Green Bay Packers
991,"Kramdi, Redha",LB,Winnipeg Blue Bombers
992,"Kramer, Doug",C,Louisville Kings
993,"Kramer, Jack",C,Houston Gamblers
994,"Kreiter, Casey",LS,New York Giants
995,"Krieg, Lenny",K,Atlanta Falcons
996,"Kroeger, Kai",P,New Orleans Saints
997,"Kromah, Jamree",DE,Chicago Bears
998,"Krull, Lucas",TE,Denver Broncos
999,"Kubas, Jake",OG,New York Giants
1000,"Kuntz, Christian",LS,Pittsburgh Steelers
1001,"Kuntz, Zack",TE,DC Defenders
1002,"Kupp, Cooper",WR,Seattle Seahawks
1003,"Kushi, Tedi",OT,Houston Gamblers
1004,"Kwamou, Daniel",LB,Hamilton Tiger-Cats
1005,"Kwenkeu, William",LB,Baltimore Ravens
1006,"Labrosse, Benjamin",DB,Calgary Stampeders
1007,"Lachey, Luke",TE,Houston Texans
1008,"Lacy, Tyler",DT,Detroit Lions
1009,"Laing, Cleyon",DE,Ottawa RedBlacks
1010,"Lake, Quentin",DB,Los Angeles Rams
1011,"Lamb, CeeDee",WR,Dallas Cowboys
1012,"Lambert-Smith, KeAndre",WR,Los Angeles Chargers
1013,"Lamm, Kendall",OT,Miami Dolphins
1014,"Lammons, Chris",DB,Indianapolis Colts
1015,"Lamont, Deandre",DB,Ottawa RedBlacks
1016,"Lampe, Brock",RB,New England Patriots
1017,"Lampkin, Cam",DB,Los Angeles Rams
1018,"Lampkin, Willie",C,Philadelphia Eagles
1019,"Lance, Trey",QB,Los Angeles Chargers
1020,"Land, Isaiah",DE,Dallas Cowboys
1021,"Landman, Nate",LB,Los Angeles Rams
1022,"Landry, Harold",LB,New England Patriots
1023,"Lane, Jaylin",WR,Washington Commanders
1024,"Lane, Rayuan",DB,Jacksonville Jaguars
1025,"Lang, Marshall",TE,New England Patriots
1026,"Langlais, William",RB,Calgary Stampeders
1027,"Lanier, Anthony",DE,Toronto Argonauts
1028,"Lantz, Michael",K,Orlando Storm
1029,"LaPorta, Sam",TE,Detroit Lions
1030,"Larison, Lan",RB,New England Patriots
1031,"Lars-Woodbey, Jaiden",LB,Winnipeg Blue Bombers
1032,"Larvadain, Gage",WR,Cleveland Browns
1033,"Lassiter, Kamari",DB,Houston Texans
1034,"Lassiter II, Kwamie",WR,Louisville Kings
1035,"Latham, JC",OT,Tennessee Titans
1036,"Lattimore, Marshon",DB,Washington Commanders
1037,"Latu, Cameron",TE,Philadelphia Eagles
1038,"Latu, Keleki",TE,Buffalo Bills
1039,"Latu, Laiatu",DE,Indianapolis Colts
1040,"Latulas, Kevon",RB,St. Louis BattleHawks
1041,"Laube, Dylan",RB,Las Vegas Raiders
1042,"Laulile, Tomasi",DT,British Columbia Lions
1043,"Laulu, Jonah",DT,Las Vegas Raiders
1044,"Lauther, Brett",K,Saskatchewan Roughriders
1045,"Lawler, Kenny",WR,Hamilton Tiger-Cats
1046,"Lawrence, Demarcus",LB,Seattle Seahawks
1047,"Lawrence, Dexter",DT,New York Giants
1048,"Lawrence, Justin",OL,Montreal Alouettes
1049,"Lawrence, Rashard",DT,Houston Gamblers
1050,"Lawrence, Trevor",QB,Jacksonville Jaguars
1051,"Lawson, Cameron",DL,Winnipeg Blue Bombers
1052,"Lawson Jr., Dexter",DB,Winnipeg Blue Bombers
1053,"Lawson, Michael",DB,Columbus Aviators
1054,"Lawson, Shaq",DE,Buffalo Bills
1055,"Layne, Raheem",DB,New York Giants
1056,"Leake, Javon",RB,Edmonton Elks
1057,"Lee, Logan",DT,Pittsburgh Steelers
1058,"Lee, Marquel",LB,Calgary Stampeders
1059,"Lee, Matthew",C,Cincinnati Bengals
1060,"Lee, Ricky",OT,Jacksonville Jaguars
1061,"Lee, T.J.",DB,British Columbia Lions
1062,"Lee, Vershon",OG,Minnesota Vikings
1063,"Legette, Xavier",WR,Carolina Panthers
1064,"Lehnen, Luke",QB,Dallas Renegades
1065,"Lemieux, Shane",C,Seattle Seahawks
1066,"Lemieux-Cardinal, Philippe",DL,Montreal Alouettes
1067,"Lemon, Shawn",DE,Montreal Alouettes
1068,"Lenoir, Deommodore",DB,San Francisco 49ers
1069,"Leonard, Deane",DB,Los Angeles Chargers
1070,"Leonard, Riley",QB,Indianapolis Colts
1071,"Leone, Richie",K,Ottawa RedBlacks
1072,"Leota, Eku",LB,Arizona Cardinals
1073,"Leroux, Ian",LS,Winnipeg Blue Bombers
1074,"Lestage, Pier-Olivier",OG,Montreal Alouettes
1075,"Letcher Jr., James",WR,Montreal Alouettes
1076,"Levao, Kohl",OL,New York Jets
1077,"Levelston, DeVere",DE,Louisville Kings
1078,"Leverett, Nick",OG,Dallas Cowboys
1079,"Leveston, Kaitori",OT,Cleveland Browns
1080,"Levin, Corey",C,Tennessee Titans
1081,"Levis, Will",QB,Tennessee Titans
1082,"Lewis, Cameron",DB,Buffalo Bills
1083,"Lewis, Clarence",DB,Houston Gamblers
1084,"Lewis, Damien",OG,Carolina Panthers
1085,"Lewis, Eugene",WR,Ottawa RedBlacks
1086,"Lewis, Jeremy",LB,British Columbia Lions
1087,"Lewis, Jourdan",DB,Jacksonville Jaguars
1088,"Lewis, Marcedes",TE,Denver Broncos
1089,"Lewis, Robert",WR,Ottawa RedBlacks
1090,"Lewis, Tyquan",DE,Indianapolis Colts
1091,"Liegghio, Marc",K,Hamilton Tiger-Cats
1092,"Likely, Isaiah",TE,Baltimore Ravens
1093,"Limmer, Beaux",C,Los Angeles Rams
1094,"Lindenberg, Cody",LB,Las Vegas Raiders
1095,"Linderbaum, Tyler",C,Baltimore Ravens
1096,"Lindstrom, Alec",C,Louisville Kings
1097,"Lindstrom, Chris",OG,Atlanta Falcons
1098,"Linton, Steve",LB,St. Louis BattleHawks
1099,"Little, Cam",K,Jacksonville Jaguars
1100,"Little, Desmond",DE,Birmingham Stallions
1101,"Little, Walker",OT,Jacksonville Jaguars
1102,"Liufau, Marist",LB,Dallas Cowboys
1103,"Lloyd, Devin",LB,Jacksonville Jaguars
1104,"Lloyd, MarShawn",RB,Green Bay Packers
1105,"Lock, Drew",QB,Seattle Seahawks
1106,"Ma'ae, Treven",DT,Las Vegas Raiders
1107,"MacGougan, Jason",LS,Calgary Stampeders
1108,"Mack, Alizé",TE,Columbus Aviators
1109,"Mack, Austin",WR,Montreal Alouettes
1110,"Mack, Isaiah",DT,Orlando Storm
1111,"Mack, Khalil",LB,Los Angeles Chargers
1112,"MacKellar, Gregor",OL,Edmonton Elks
1113,"MacLeod, Riley",LB,Montreal Alouettes
1114,"Maddox, Avonte",DB,Detroit Lions
1115,"Madubuike, Nnamdi",DT,Baltimore Ravens
1116,"Mafah, Phil",RB,Dallas Cowboys
1117,"Mafe, Boye",LB,Seattle Seahawks
1118,"Mafi, Atonio",OG,Las Vegas Raiders
1119,"Magee, Jordan",LB,Washington Commanders
1120,"Maguranyanga, T.J.",DE,Washington Commanders
1121,"Mahogany, Christian",OG,Detroit Lions
1122,"Mahomes, Patrick",QB,Kansas City Chiefs
1123,"Mahoney, Jaylen",DB,Orlando Storm
1124,"Maier, Jake",QB,Saskatchewan Roughriders
1125,"Maietti, Michael",C,DC Defenders
1126,"Mailata, Jordan",OT,Philadelphia Eagles
1127,"Maitre, Jason",DB,Miami Dolphins
1128,"Major, Marcus",RB,Houston Gamblers
1129,"Majors, Jake",C,Philadelphia Eagles
1130,"Makonzo, Enock",LB,Winnipeg Blue Bombers
1131,"Mallory, Will",TE,Indianapolis Colts
1132,"Malone, DeAngelo",LB,Atlanta Falcons
1133,"Maltos, José",K,Montreal Alouettes
1134,"Mang, Maximilian",TE,New York Giants
1135,"Manhertz, Chris",TE,New York Giants
1136,"Mann, Braden",P,Philadelphia Eagles
1137,"Manning, Dontae",DB,Chicago Bears
1138,"Manning, Ilm",OG,St. Louis BattleHawks
1139,"Manu, Giovanni",OT,Detroit Lions
1140,"Mapu, Marte",LB,New England Patriots
1141,"Maranges, Federico",C,Seattle Seahawks
1142,"Mardner, Nick",WR,Ottawa RedBlacks
1143,"Mariner, Siaosi",WR,Saskatchewan Roughriders
1144,"Marion, Benoit",DL,Saskatchewan Roughriders
1145,"Mariota, Marcus",QB,Washington Commanders
1146,"Marks, Jo'quavious",RB,Houston Texans
1147,"Marsh, Armani",DB,Dallas Renegades
1148,"Marshall, Ahmani",RB,Cleveland Browns
1149,"Marshall, Jason",DB,Miami Dolphins
1150,"Marshall, Terrace",WR,Philadelphia Eagles
1151,"Martin, Brodric",DT,Las Vegas Raiders
1152,"Martin, Chandler",LB,Baltimore Ravens
1153,"Martin, Jacob",DE,Washington Commanders
1154,"Martin, Jartavius",DB,Washington Commanders
1155,"Martin, Jeremiah",DE,Chicago Bears
1156,"Martin, Keyon",DB,Baltimore Ravens
1157,"Martin, Nickolas",LB,San Francisco 49ers
1158,"Martin, Sam",P,Carolina Panthers
1159,"Martin, Tay",WR,Columbus Aviators
1160,"Martin-Robinson, David",TE,Tennessee Titans
1161,"Martin-Scott, Bam",LB,Carolina Panthers
1162,"Martinez, Adrian",QB,San Francisco 49ers
1163,"Martinez, Damien",RB,Green Bay Packers
1164,"Maruo, Les",LB,Ottawa RedBlacks
1165,"Mascarenas, Easton",LB,Cleveland Browns
1166,"Masin, Fraser",P,Calgary Stampeders
1167,"Masoli, Jeremiah",QB,British Columbia Lions
1168,"Mason, Jacob",RB,Montreal Alouettes
1169,"Mason, Jordan",RB,Minnesota Vikings
1170,"Masterson, Luke",LB,St. Louis BattleHawks
1171,"Matavao, Moliki",TE,New Orleans Saints
1172,"Matheson, Alexander",LS,Orlando Storm
1173,"Mathis, Damarri",DB,Carolina Panthers
1174,"Mathis, Ochaun",LB,New York Jets
1175,"Mathis, Phidarian",DT,Buffalo Bills
1176,"Mathis, Zach",WR,Edmonton Elks
1177,"Matiscik, Ross",LS,Jacksonville Jaguars
1178,"Matlock, Scott",RB,Los Angeles Chargers
1179,"Matos, Bayron",OT,Indianapolis Colts
1180,"Matthew, Christian",DB,Orlando Storm
1181,"Matthews, Jake",OT,Atlanta Falcons
1182,"Mattison, Alexander",RB,Miami Dolphins
1183,"Mauch, Cody",OG,Tampa Bay Buccaneers
1184,"Mauga-Clements, Eteva",LB,Edmonton Elks
1185,"Mauigoa, Francisco",LB,New York Jets
1186,"Mauldin, Lorenzo",DL,Calgary Stampeders
1187,"Maulet, Arthur",DB,Detroit Lions
1188,"Mausi, Dorian",LB,Tennessee Titans
1189,"Maxwell, Devonnsha",DT,DC Defenders
1190,"Mayala, Hergy",WR,British Columbia Lions
1191,"Maye, Drake",QB,New England Patriots
1192,"Maye, Marcus",DB,Los Angeles Chargers
1193,"Mayer, Michael",TE,Las Vegas Raiders
1194,"Mayers, Justin",OL,Winnipeg Blue Bombers
1195,"Mayes, B.J.",DB,Houston Gamblers
1196,"Mayfield, Baker",QB,Tampa Bay Buccaneers
1197,"Mayfield, Corey",DB,Louisville Kings
1198,"Mays, Cade",C,Carolina Panthers
1199,"Mbaeteka, Roy",OT,Miami Dolphins
1200,"Mbow, Marcus",OG,New York Giants
1201,"McAllister, Tyreik",RB,Columbus Aviators
1202,"McBride, Trey",TE,Arizona Cardinals
1203,"McCaffrey, Christian",RB,San Francisco 49ers
1204,"McCaffrey, Luke",WR,Washington Commanders
1205,"McCain, Mac",DB,St. Louis BattleHawks
1206,"Nabers, Malik",WR,New York Giants
1207,"Nacua, Puka",WR,Los Angeles Rams
1208,"Nailor, Jalen",WR,Minnesota Vikings
1209,"Nash, Nick",WR,Atlanta Falcons
1210,"Nchami, Durell",DE,Indianapolis Colts
1211,"Ndubuisi, Haggai Chisom",DT,Houston Texans
1212,"Ndukwe, Toby",LB,Houston Gamblers
1213,"Neal, Devin",RB,New Orleans Saints
1214,"Neal, Eli",LB,Los Angeles Rams
1215,"Neal, Evan",OT,New York Giants
1216,"Neal, Siran",DB,San Francisco 49ers
1217,"Nebelung, Tyler",OT,St. Louis BattleHawks
1218,"Needham, Nik",DB,New York Jets
1219,"Nelson, Anthony",LB,Tampa Bay Buccaneers
1220,"Nelson, Jack",OT,Atlanta Falcons
1221,"Nelson, Kyle",LS,British Columbia Lions
1222,"Nelson, Matt",OT,Minnesota Vikings
1223,"Nelson, Quenton",OG,Indianapolis Colts
1224,"Nelson, Ryan",OT,Columbus Aviators
1225,"Nesbit, Bryson",TE,Minnesota Vikings
1226,"Nester, Doug",OG,Pittsburgh Steelers
1227,"Neufeld, Patrick",OL,Winnipeg Blue Bombers
1228,"Neuzil, Ryan",C,Atlanta Falcons
1229,"Neville, Tyler",TE,St. Louis BattleHawks
1230,"Newman, Luke",OT,Chicago Bears
1231,"Newman, Royce",OG,Los Angeles Rams
1232,"Newman-Johnson, Xavier",OG,New York Jets
1233,"Newsome, Greg",DB,Jacksonville Jaguars
1234,"Newsome, Quinton",DB,Houston Gamblers
1235,"Newton, Jer'Zhan",DT,Washington Commanders
1236,"Newton, Josh",DB,Cincinnati Bengals
1237,"Neyor, Isaiah",WR,Green Bay Packers
1238,"Niang, Lucas",OT,Washington Commanders
1239,"Nicastro, Peter",OL,Toronto Argonauts
1240,"Nichols, Bilal",DT,Arizona Cardinals
1241,"Nichols, Deatrick",DB,Winnipeg Blue Bombers
1242,"Nichols, Lew",RB,Pittsburgh Steelers
1243,"Nichols, Preston",OL,Calgary Stampeders
1244,"Nickerson, Parry",DB,Philadelphia Eagles
1245,"Nield, Tommy",WR,Saskatchewan Roughriders
1246,"Niemann, Ben",LB,Los Angeles Rams
1247,"Niemann, Nick",LB,Green Bay Packers
1248,"Niese, Michael",OT,Detroit Lions
1249,"Nijman, Yosuah",OT,Carolina Panthers
1250,"Nikkel, Ben",DB,Indianapolis Colts
1251,"Nix, Bo",QB,Denver Broncos
1252,"Nixon, Keisean",DB,Green Bay Packers
1253,"Njoku, David",TE,Cleveland Browns
1254,"Njongmeta, Maema",LB,Carolina Panthers
1255,"Nkanu, Christy",OL,Calgary Stampeders
1256,"Nnadi, Derrick",DT,Kansas City Chiefs
1257,"Noel, Jaylin",WR,Houston Texans
1258,"Noel, Nate",RB,Birmingham Stallions
1259,"Nolen, Walter",DT,Arizona Cardinals
1260,"Noll, Braydon",OL,Saskatchewan Roughriders
1261,"Nomura, Tuasivi",LB,Saskatchewan Roughriders
1262,"Norman-Lott, Omarr",DT,Kansas City Chiefs
1263,"Norton, Bill",DT,Los Angeles Rams
1264,"Norton, Storm",OT,Atlanta Falcons
1265,"Norwood, Tre",DB,Birmingham Stallions
1266,"Noteboom, Joseph",OT,Baltimore Ravens
1267,"Nouili, Nouredin",OG,Montreal Alouettes
1268,"Nourzad, Hunter",C,Kansas City Chiefs
1269,"Novak, Lane",LB,Winnipeg Blue Bombers
1270,"Novitsky, Mike",C,Dallas Renegades
1271,"Nowaske, Trevor",LB,Detroit Lions
1272,"Noyes, Jordan",K,Calgary Stampeders
1273,"Nubin, Tyler",DB,New York Giants
1274,"Nugent, Drake",C,San Francisco 49ers
1275,"Nunez-Roches, Rakeem",DT,New York Giants
1276,"Nwangwu, Kene",RB,New York Jets
1277,"Nwosu, Uchenna",LB,Seattle Seahawks
1278,"O'Connell, Aidan",QB,Las Vegas Raiders
1279,"O'Connell, Patrick",LB,Seattle Seahawks
1280,"O'Connor, Pat",DE,Detroit Lions
1281,"O'Donnell, Carter",OT,Edmonton Elks
1282,"O'Leary-Orange, Brendan",WR,Hamilton Tiger-Cats
1283,"O'Malley, Devonte",DT,Calgary Stampeders
1284,"O'Neal, Leon",DB,DC Defenders
1285,"O'Neal, Raiqwon",OT,Dallas Renegades
1286,"O'Neill, Brian",OT,Minnesota Vikings
1287,"O'Toole, Connor",LB,Seattle Seahawks
1288,"Oakes, Gunnar",TE,Columbus Aviators
1289,"Oakman, Shawn",DT,Montreal Alouettes
1290,"Oben, R.J.",DE,Louisville Kings
1291,"Odeleye, Adedayo",DE,Dallas Cowboys
1292,"Odeyingbo, Dayo",DE,Chicago Bears
1293,"Odighizuwa, Osa",DT,Dallas Cowboys
1294,"Odukoya, Thomas",TE,New England Patriots
1295,"Odum, George",DB,Indianapolis Colts
1296,"Odunze, Rome",WR,Chicago Bears
1297,"Ogbah, Emmanuel",LB,Jacksonville Jaguars
1298,"Ogbongbemiga, Amen",LB,Chicago Bears
1299,"Ogbonnia, Otito",DT,Los Angeles Chargers
1300,"Ogletree, Andrew",TE,Indianapolis Colts
1301,"Ogunbowale, Dare",RB,Houston Texans
1302,"Ogunjobi, Larry",DT,Buffalo Bills
1303,"Ojabo, David",LB,Baltimore Ravens
1304,"Ojemudia, Michael",DB,St. Louis BattleHawks
1305,"Ojo, Jeremiah",DL,Toronto Argonauts
1306,"Ojomo, Moro",DT,Philadelphia Eagles
1307,"Ojukwu, John",OT,Tennessee Titans
1308,"Ojulari, Azeez",LB,Philadelphia Eagles
1309,"Ojulari, BJ",LB,Arizona Cardinals
1310,"Okada, Ty",DB,Seattle Seahawks
1311,"Okereke, Bobby",LB,New York Giants
1312,"Okonkwo, Chigoziem",TE,Tennessee Titans
1313,"Okorafor, Chimemela",OT,Dallas Renegades
1314,"Okorafor, Chukwuma",OT,New York Jets
1315,"Okoronkwo, Ogbonnia",DE,Philadelphia Eagles
1316,"Okoye, Basil",DT,Baltimore Ravens
1317,"Okpoko, Daniel",DL,Ottawa RedBlacks
1318,"Okuayinonu, Sam",DT,San Francisco 49ers
1319,"Okudah, Jeffrey",DB,Minnesota Vikings
1320,"Okwara, Julian",LB,Cleveland Browns
1321,"Okwuegbunam, Albert",TE,Las Vegas Raiders
1322,"Oladapo, Kitan",DB,Green Bay Packers
1323,"Oladejo, Daniel",WR,Montreal Alouettes
1324,"Oladejo, Femi",LB,Tennessee Titans
1325,"Oladokun, Chris",QB,Kansas City Chiefs
1326,"Oladokun, Jordan",DB,Los Angeles Chargers
1327,"Olajiga, David",DT,Baltimore Ravens
1328,"Olave, Chris",WR,New Orleans Saints
1329,"Oliveira, Brady",RB,Winnipeg Blue Bombers
1330,"Oliver, Bryce",WR,Tennessee Titans
1331,"Oliver, Collin",LB,Green Bay Packers
1332,"Oliver, Ed",DT,Buffalo Bills
1333,"Oliver, Isaiah",DB,New York Jets
1334,"Oliver, Josh",TE,Minnesota Vikings
1335,"Olszewski, Gunner",WR,New York Giants
1336,"Olubi, Segun",LB,Indianapolis Colts
1337,"Oluokun, Foyesade",LB,Jacksonville Jaguars
1338,"Oluwatimi, Olusegun",C,Seattle Seahawks
1339,"Omenihu, Charles",DE,Kansas City Chiefs
1340,"Onwenu, Michael",OG,New England Patriots
1341,"Onwuzurike, Levi",DE,Detroit Lions
1342,"Onyeka, Godfrey",DB,Calgary Stampeders
1343,"Onyeka, Kene",DE,Ottawa RedBlacks
1344,"Onyemata, David",DT,Atlanta Falcons
1345,"Orhorhoro, Ruke",DT,Atlanta Falcons
1346,"Orimolade, Folarin",DL,Calgary Stampeders
1347,"Orji, Anfernee",LB,Tennessee Titans
1348,"Ortiz, Antonio",LS,Dallas Renegades
1349,"Ortiz, Marco",LS,Houston Gamblers
1350,"Oruwariye, Amani",DB,Baltimore Ravens
1351,"Orzech, Matt",LS,Green Bay Packers
1352,"Osborn, K.J.",WR,Atlanta Falcons
1353,"Osborne, Justin",C,Cleveland Browns
1354,"Ossai, Joseph",DE,Cincinnati Bengals
1355,"Ossai, K.C.",LB,Miami Dolphins
1356,"Ossai, Philip",DL,Hamilton Tiger-Cats
1357,"Otomewo, Esezi",DE,Pittsburgh Steelers
1358,"Ott, Tyler",LS,Washington Commanders
1359,"Otton, Cade",TE,Tampa Bay Buccaneers
1360,"Ouellette, A.J.",RB,Saskatchewan Roughriders
1361,"Ouzts, Robbie",RB,Seattle Seahawks
1362,"Overshown, DeMarvion",LB,Dallas Cowboys
1363,"Oweh, Jayson",LB,Los Angeles Chargers
1364,"Owen, Coleman",WR,Indianapolis Colts
1365,"Owens, Gervarrius",DB,Chicago Bears
1366,"Owens, Jonathan",DB,Chicago Bears
1367,"Owens, Tyler",DB,Washington Commanders
1368,"Owens, Wande",DB,Buffalo Bills
1369,"Owusu-Koramoah, Jeremiah",LB,Cleveland Browns
1370,"Pace, Ivan",LB,Minnesota Vikings
1371,"Pacheco, Isiah",RB,Kansas City Chiefs
1372,"Packer, Tyler",OL,British Columbia Lions
1373,"Page, Payton",DT,New York Jets
1374,"Palczewski, Alex",OT,Denver Broncos
1375,"Palmer, Josh",WR,Buffalo Bills
1376,"Palmer, Tejhaun",WR,Arizona Cardinals
1377,"Palmer, Trey",WR,New Orleans Saints
1378,"Palmore, Walter",DT,Columbus Aviators
1379,"Panabaker, Robert",DB,Hamilton Tiger-Cats
1380,"Panasiuk, Mike",C,St. Louis BattleHawks
1381,"Pancol, Eli",WR,Indianapolis Colts
1382,"Pappoe, Owen",LB,Arizona Cardinals
1383,"Paredes, Rene",K,Calgary Stampeders
1384,"Parham, Donald",TE,Pittsburgh Steelers
1385,"Parham, Dylan",OG,Las Vegas Raiders
1386,"Parish, Derek",DL,DC Defenders
1387,"Parker, Andrew",LB,Orlando Storm
1388,"Parker, Brandon",OT,San Francisco 49ers
1389,"Parker, Jamal",DB,Winnipeg Blue Bombers
1390,"Parkinson, Colby",TE,Los Angeles Rams
1391,"Parrish, Jacob",DB,Tampa Bay Buccaneers
1392,"Parsons, Micah",DE,Green Bay Packers
1393,"Paschal, Joshua",DE,Detroit Lions
1394,"Patrick, Aaron",LB,Saskatchewan Roughriders
1395,"Patrick, Lucas",C,Cincinnati Bengals
1396,"Patrick, Tim",WR,Jacksonville Jaguars
1397,"Patterson, Jaret",RB,Los Angeles Chargers
1398,"Patterson, Jarrett",C,Houston Texans
1399,"Patterson, Riley",K,Miami Dolphins
1400,"Patterson, Shea",QB,Montreal Alouettes
1401,"Patton, Caeveon",DT,Columbus Aviators
1402,"Paul, Chris",OG,Washington Commanders
1403,"Paul, Chris",LB,Seattle Seahawks
1404,"Paul, Patrick",OT,Miami Dolphins
1405,"Paulo, Darrin",OG,Hamilton Tiger-Cats
1406,"Paye, Kwity",DE,Indianapolis Colts
1407,"Payne, Daron",DT,Washington Commanders
1408,"Payne, Donald",LB,Dallas Renegades
1409,"Payne, Pheldarius",DT,Orlando Storm
1410,"Payton, JaVonta",WR,Louisville Kings
1411,"Payton, Rico",DB,New York Giants
1412,"Pearce, James",DE,Atlanta Falcons
1413,"Pearsall, Ricky",WR,San Francisco 49ers
1414,"Pearson, Jahcour",WR,St. Louis BattleHawks
1415,"Peart, Matt",OT,Denver Broncos
1416,"Peat, Andrus",OG,Pittsburgh Steelers
1417,"Peebles, Aeneas",DT,Baltimore Ravens
1418,"Peevy, Jayden",DT,Orlando Storm
1419,"Pegues, J.J.",DT,Las Vegas Raiders
1420,"Peirson, Andrew",OL,British Columbia Lions
1421,"Peko, Kyle",DT,Los Angeles Chargers
1422,"Pelehos, Zack",OL,Ottawa RedBlacks
1423,"Pelley, J-Min",DL,Toronto Argonauts
1424,"Penix, Michael",QB,Atlanta Falcons
1425,"Pennel, Mike",DT,Kansas City Chiefs
1426,"Penning, Jared",OG,Baltimore Ravens
1427,"Penning, Trevor",OT,Los Angeles Chargers
1428,"Peppers, Jabrill",DB,Pittsburgh Steelers
1429,"Perez, Luis",QB,Dallas Renegades
1430,"Perine, Samaje",RB,Cincinnati Bengals
1431,"Perkins, Ronnie",DE,Birmingham Stallions
1432,"Perry, A.T.",WR,Denver Broncos
1433,"Perry, E.J.",QB,Montreal Alouettes
1434,"Perry, Mark",DB,Green Bay Packers
1435,"Perryman, Denzel",LB,Los Angeles Chargers
1436,"Perryman, Jordan",DB,Saskatchewan Roughriders
1437,"Person, Jay",LB,Winnipeg Blue Bombers
1438,"Pesefea, Tautala",DT,Orlando Storm
1439,"Peter, James",LB,Ottawa RedBlacks
1440,"Peters, Garry",DB,British Columbia Lions
1441,"Peters, Jamal",DB,Hamilton Tiger-Cats
1442,"Peterson, Matthew",RB,Winnipeg Blue Bombers
1443,"Peterson, Shaun",LB,Calgary Stampeders
1444,"Pettis, Dante",WR,New Orleans Saints
1445,"Pettus, Dell",DB,New England Patriots
1446,"Pettway, Jamie",LB,Ottawa RedBlacks
1447,"Pharms Jr., Jeremiah",DT,New England Patriots
1448,"Phelps, Lonnie",DE,Houston Gamblers
1449,"Philion, Zachary",LB,Ottawa RedBlacks
1450,"Phillips, Andru",DB,New York Giants
1451,"Phillips, Clark",DB,Atlanta Falcons
1452,"Phillips, Del'Shawn",LB,Los Angeles Chargers
1453,"Phillips, Harrison",DT,New York Jets
1454,"Phillips, Jacob",LB,Indianapolis Colts
1455,"Phillips, Jaelan",LB,Philadelphia Eagles
1456,"Phillips, Jordan",DT,Buffalo Bills
1457,"Phillips, Jordan",DT,Miami Dolphins
1458,"Phillips, Tyre",OT,Cleveland Browns
1459,"Philpot, Jalen",WR,Calgary Stampeders
1460,"Philpot, Tyson",WR,Montreal Alouettes
1461,"Pickens, George",WR,Dallas Cowboys
1462,"Pickens, Zacch",DT,Kansas City Chiefs
1463,"Pickett, Adarius",LB,Ottawa RedBlacks
1464,"Pickett, Kenny",QB,Las Vegas Raiders
1465,"Pickett, Riley",DL,British Columbia Lions
1466,"Picton, Mitchell",WR,Saskatchewan Roughriders
1467,"Pierce, Alec",WR,Indianapolis Colts
1468,"Pierce, Chris",TE,Louisville Kings
1469,"Pierce, Dameon",RB,Kansas City Chiefs
1470,"Queen, Patrick",LB,Pittsburgh Steelers
1471,"Quessenberry, David",OT,Los Angeles Rams
1472,"Quitoriano, Teagan",TE,Atlanta Falcons
1473,"Radunz, Dillon",OT,New Orleans Saints
1474,"Raich, Alex",LB,Edmonton Elks
1475,"Raikes, Isaiah",DT,Tennessee Titans
1476,"Raimann, Bernhard",OT,Indianapolis Colts
1477,"Rakestraw, Ennis",DB,Detroit Lions
1478,"Rambo, Charleston",WR,Montreal Alouettes
1479,"Ramirez, Jose",LB,Hamilton Tiger-Cats
1480,"Ramsey, Jalen",DB,Pittsburgh Steelers
1481,"Randolph, Garmon",LB,Los Angeles Chargers
1482,"Randolph, Kendall",OG,Winnipeg Blue Bombers
1483,"Rankin, Justin",RB,Edmonton Elks
1484,"Rankins, Sheldon",DT,Houston Texans
1485,"Ransaw, Caleb",DB,Jacksonville Jaguars
1486,"Ransom, Lathan",DB,Carolina Panthers
1487,"Rapp, Taylor",DB,Buffalo Bills
1488,"Ratledge, Tate",OG,Detroit Lions
1489,"Rattler, Spencer",QB,New Orleans Saints
1490,"Ravenell, CJ",DE,Tennessee Titans
1491,"Ray, LaBryan",DE,Carolina Panthers
1492,"Ray, Shane",DL,Saskatchewan Roughriders
1493,"Raym, Andrew",C,Birmingham Stallions
1494,"Raymond, Kalif",WR,Detroit Lions
1495,"Reader, D.J.",DT,Detroit Lions
1496,"Reaves, Greg",LB,Toronto Argonauts
1497,"Reaves, Jeremy",DB,Washington Commanders
1498,"Reavis, C.J.",LB,Saskatchewan Roughriders
1499,"Reddick, Haason",LB,Tampa Bay Buccaneers
1500,"Redman, Mark",TE,Los Angeles Rams
1501,"Redmond, Jalen",DE,Minnesota Vikings
1502,"Redwine, Sheldrick",DB,Saskatchewan Roughriders
1503,"Reed, Austin",QB,Dallas Renegades
1504,"Reed, D.J.",DB,Detroit Lions
1505,"Reed, Ja'seem",WR,Carolina Panthers
1506,"Reed, Jarran",DT,Seattle Seahawks
1507,"Reed, Jayden",WR,Green Bay Packers
1508,"Reed, Jaylen",DB,Houston Texans
1509,"Reed, Jerrick",DB,Tennessee Titans
1510,"Reed, Kenyon",DB,Ottawa RedBlacks
1511,"Reed, Nikko",DB,Los Angeles Chargers
1512,"Reeder, Troy",LB,Los Angeles Rams
1513,"Reese, Otis",LB,New England Patriots
1514,"Reeves-Maybin, Jalen",LB,Chicago Bears
1515,"Rehkow, Ryan",P,Cincinnati Bengals
1516,"Reichard, Will",K,Minnesota Vikings
1517,"Reid, Justin",DB,New Orleans Saints
1518,"Reid, Karene",LB,Denver Broncos
1519,"Reid, Trevor",OT,Dallas Renegades
1520,"Reid, Winston",LB,Cleveland Browns
1521,"Reiman, Tip",TE,Arizona Cardinals
1522,"Remigio, Nikko",WR,Kansas City Chiefs
1523,"Rene, Patrice",LB,British Columbia Lions
1524,"Restrepo, Xavier",WR,Tennessee Titans
1525,"Revel, Shavon",DB,Dallas Cowboys
1526,"Revenberg, Brandon",OL,Hamilton Tiger-Cats
1527,"Reynolds, Craig",RB,New England Patriots
1528,"Reynolds, Josh",WR,New York Jets
1529,"Rhattigan, Jon",LB,Las Vegas Raiders
1530,"Rhodes, Luke",LS,Indianapolis Colts
1531,"Rhyan, Sean",OG,Green Bay Packers
1532,"Rhymes, Dominique",WR,Calgary Stampeders
1533,"Ricard, Patrick",RB,Baltimore Ravens
1534,"Ricci, Giovanni",TE,Detroit Lions
1535,"Rice, Brenden",WR,Las Vegas Raiders
1536,"Rice, Landon",OL,Montreal Alouettes
1537,"Rice, Monty",LB,Louisville Kings
1538,"Rice, Rashee",WR,Kansas City Chiefs
1539,"Richards, Asim",OT,New Orleans Saints
1540,"Richards, Shane",OL,Toronto Argonauts
1541,"Richards, Tyrell",LB,Montreal Alouettes
1542,"Richardson, Anthony",QB,Indianapolis Colts
1543,"Richardson, Decamerion",DB,Las Vegas Raiders
1544,"Richardson, Demani",DB,Carolina Panthers
1545,"Richardson, Devin",LB,British Columbia Lions
1546,"Richardson, John Paul",WR,Chicago Bears
1547,"Richman, Mason",OG,Seattle Seahawks
1548,"Richter, Bo",LB,Minnesota Vikings
1549,"Ridder, Desmond",QB,Green Bay Packers
1550,"Ridgeway, John",DT,New Orleans Saints
1551,"Ridley, Calvin",WR,Tennessee Titans
1552,"Riley, Cam",LB,Tennessee Titans
1553,"Riley, Jordon",DT,Green Bay Packers
1554,"Riley, Quincy",DB,New Orleans Saints
1555,"Ringland, Charlie",DB,Ottawa RedBlacks
1556,"Ringo, Kelee",DB,Philadelphia Eagles
1557,"Risner, Dalton",OG,Cincinnati Bengals
1558,"Rivers, Jalen",OG,Cincinnati Bengals
1559,"Rivers, Michael",P,Houston Gamblers
1560,"Rivers, Philip",QB,Indianapolis Colts
1561,"Rivers, Ravarius",DB,Orlando Storm
1562,"Rivers, Ronnie",RB,Los Angeles Rams
1563,"Roach, Malcolm",DT,Denver Broncos
1564,"Roberson, Derick",DE,DC Defenders
1565,"Roberson, Kori",DL,Montreal Alouettes
1566,"Roberts, Elandon",LB,Las Vegas Raiders
1567,"Roberts, Elijah",DE,Tampa Bay Buccaneers
1568,"Roberts, J.J.",DB,Tampa Bay Buccaneers
1569,"Roberts, Jacob",LB,Calgary Stampeders
1570,"Roberts, Maximilian",LB,Orlando Storm
1571,"Roberts, Sam",DT,Atlanta Falcons
1572,"Robertson, Amik",DB,Detroit Lions
1573,"Saad, Ali",DL,Saskatchewan Roughriders
1574,"Sagapolu, Olive",DT,Columbus Aviators
1575,"Sainristil, Mike",DB,Washington Commanders
1576,"Saldiveri, Nick",OG,New Orleans Saints
1577,"Saltes, Teton",OT,Orlando Storm
1578,"Salyer, Jamaree",OG,Los Angeles Chargers
1579,"Sam, Andre'",DB,Philadelphia Eagles
1580,"Samac, Nick",C,Carolina Panthers
1581,"Sambu, Justin",DL,Calgary Stampeders
1582,"Sample, Cameron",DE,Cincinnati Bengals
1583,"Sample, Drew",TE,Cincinnati Bengals
1584,"Sampson, Dylan",RB,Cleveland Browns
1585,"Samson, Kyle",DL,Calgary Stampeders
1586,"Samuel, Asante",DB,Pittsburgh Steelers
1587,"Samuel, Curtis",WR,Buffalo Bills
1588,"Samuel, Deebo",WR,Washington Commanders
1589,"Sanborn, Jack",LB,Dallas Cowboys
1590,"Sanborn, Ryan",P,St. Louis BattleHawks
1591,"Sanchez, Rigoberto",P,Indianapolis Colts
1592,"Sanders, Braylon",WR,Houston Gamblers
1593,"Sanders, Caleb",DT,Saskatchewan Roughriders
1594,"Sanders, Drew",LB,Denver Broncos
1595,"Sanders, Ja'Tavion",TE,Carolina Panthers
1596,"Sanders, Jason",K,Miami Dolphins
1597,"Sanders, Miles",RB,Dallas Cowboys
1598,"Sanders, Myjai",DE,Louisville Kings
1599,"Sanders, Raheim",RB,Cleveland Browns
1600,"Sanders, Shedeur",QB,Cleveland Browns
1601,"Sanders, Spencer",QB,DC Defenders
1602,"Sanders, T.J.",DT,Buffalo Bills
1603,"Sanker, Jonas",DB,New Orleans Saints
1604,"Sankey, Darnell",LB,Montreal Alouettes
1605,"Santos, Cairo",K,Chicago Bears
1606,"Santos, Lyle",C,Orlando Storm
1607,"Santos-Knox, Jovan",LB,Ottawa RedBlacks
1608,"Sapp, Benny",DB,Saskatchewan Roughriders
1609,"Sarell, Foster",OT,Los Angeles Chargers
1610,"Saubert, Eric",TE,Seattle Seahawks
1611,"Sauls, Ben",K,New York Giants
1612,"Saunders, John",DB,New England Patriots
1613,"Saunders, Khalen",DT,New York Jets
1614,"Savage, Darnell",DB,Buffalo Bills
1615,"Savaiinaea, Jonah",OG,Miami Dolphins
1616,"Sawyer, Jack",LB,Pittsburgh Steelers
1617,"Saxelid, Kyle",OL,Calgary Stampeders
1618,"Sayles, Casey",DT,Hamilton Tiger-Cats
1619,"Sayles, Marcus",DB,Saskatchewan Roughriders
1620,"Saylors, Jacob",RB,Detroit Lions
1621,"Sceviour, Ryan",OL,Toronto Argonauts
1622,"Schaffer-Baker, Kian",WR,Saskatchewan Roughriders
1623,"Schager, Brayden",QB,Saskatchewan Roughriders
1624,"Schakel, Josiah",LB,Edmonton Elks
1625,"Scharping, Max",OG,Pittsburgh Steelers
1626,"Schleuger, Chris",OG,British Columbia Lions
1627,"Schlottmann, Austin",C,New York Giants
1628,"Schmekel, Tanner",DL,Winnipeg Blue Bombers
1629,"Schmitz, John Michael",C,New York Giants
1630,"Schnee, Sam",WR,Ottawa RedBlacks
1631,"Schneider, Cole",OG,Orlando Storm
1632,"Schoen, Dalton",WR,Winnipeg Blue Bombers
1633,"Schooler, Brenden",DB,New England Patriots
1634,"Schoonmaker, Luke",TE,Dallas Cowboys
1635,"Schrader, Cody",RB,Denver Broncos
1636,"Schultz, Dalton",TE,Houston Texans
1637,"Schwesinger, Carson",LB,Cleveland Browns
1638,"Scott, Ben",OG,Tampa Bay Buccaneers
1639,"Scott, Daniel",DB,Indianapolis Colts
1640,"Scott, Eric",DB,Kansas City Chiefs
1641,"Scott, Gee",TE,Columbus Aviators
1642,"Scott, JK",P,Los Angeles Chargers
1643,"Scott, Lucas",RB,Baltimore Ravens
1644,"Scott, Nick",DB,Carolina Panthers
1645,"Scott, Stevie",RB,Montreal Alouettes
1646,"Scott, Trenton",OT,Washington Commanders
1647,"Scott, Tyler",WR,Los Angeles Rams
1648,"Scott, Tyrone",WR,DC Defenders
1649,"Scott, Zavier",RB,Minnesota Vikings
1650,"Scourton, Nic",LB,Carolina Panthers
1651,"Scruggs, Juice",C,Houston Texans
1652,"Sebastian, Brandon",DB,Dallas Renegades
1653,"Senn, Valentin",OT,Arizona Cardinals
1654,"Sermon, Trey",RB,Pittsburgh Steelers
1655,"Settle, Tim",DT,Houston Texans
1656,"Seumalo, Isaac",OG,Pittsburgh Steelers
1657,"Sewell, Nephi",LB,Chicago Bears
1658,"Sewell, Noah",LB,Chicago Bears
1659,"Sewell, Penei",OT,Detroit Lions
1660,"Seymour, Kevon",DB,Washington Commanders
1661,"Shaheed, Rashid",WR,Seattle Seahawks
1662,"Shakir, Khalil",WR,Buffalo Bills
1663,"Shanks, Tiger",OL,Montreal Alouettes
1664,"Shavers, Tyrell",WR,Buffalo Bills
1665,"Shay, Connor",LB,Winnipeg Blue Bombers
1666,"Sheahan, Jamieson",P,Winnipeg Blue Bombers
1667,"Sheffield, Kendall",DB,Miami Dolphins
1668,"Shelton, Coleman",C,Los Angeles Rams
1669,"Shelton, Nehemiah",DB,Columbus Aviators
1670,"Shenault, Laviska",WR,Birmingham Stallions
1671,"Shepard, Sterling",WR,Tampa Bay Buccaneers
1672,"Shepherd, Nathan",DT,New Orleans Saints
1673,"Ta'ala, Blessman",DL,Ottawa RedBlacks
1674,"Ta'amu, Jordan",QB,DC Defenders
1675,"Tafuna, Junior",DT,Houston Texans
1676,"Tagovailoa, Tua",QB,Miami Dolphins
1677,"Taimani, Taki",DT,Minnesota Vikings
1678,"Takitaki, Sione",LB,Minnesota Vikings
1679,"Talbert, Destin",DB,Hamilton Tiger-Cats
1680,"Tampa, T.J.",DB,Baltimore Ravens
1681,"Tarquin, Michael",OT,DC Defenders
1682,"Tart, Teair",DT,Los Angeles Chargers
1683,"Tasi, Laki",DT,Las Vegas Raiders
1684,"Tate, Trevon",C,Saskatchewan Roughriders
1685,"Taua, Toa",RB,Columbus Aviators
1686,"Taula, Tanner",TE,Tampa Bay Buccaneers
1687,"Taumoepenu, Pita",LB,St. Louis BattleHawks
1688,"Tavai, Jahlani",LB,New England Patriots
1689,"Tavai, Jonah",DT,British Columbia Lions
1690,"Taylor, Alex",OT,Birmingham Stallions
1691,"Taylor, Alontae",DB,New Orleans Saints
1692,"Taylor, Branson",OG,Los Angeles Chargers
1693,"Taylor, Dadrion",DB,Arizona Cardinals
1694,"Taylor, Davion",LB,Ottawa RedBlacks
1695,"Taylor, Demetrius",DE,British Columbia Lions
1696,"Taylor, Gabe",DB,DC Defenders
1697,"Taylor, Ja'Sir",DB,New York Jets
1698,"Taylor II, Jason",DB,Orlando Storm
1699,"Taylor, Jawaan",OT,Kansas City Chiefs
1700,"Taylor, Jonathan",RB,Indianapolis Colts
1701,"Taylor, Keith",DB,Jacksonville Jaguars
1702,"Taylor, Leonard",DT,New England Patriots
1703,"Taylor, Mason",TE,New York Jets
1704,"Taylor, Noah",DL,Edmonton Elks
1705,"Taylor, Patrick",RB,San Francisco 49ers
1706,"Taylor, Reese",DB,Denver Broncos
1707,"Taylor, Roc",WR,Columbus Aviators
1708,"Taylor, Tory",P,Chicago Bears
1709,"Taylor, Trent",WR,San Francisco 49ers
1710,"Taylor, Tyrod",QB,New York Jets
1711,"Taylor, Willie",DE,Dallas Renegades
1712,"Taylor-Britt, Cam",DB,Cincinnati Bengals
1713,"Tecklenburg, Sam",C,Dallas Renegades
1714,"Teitz, Micah",LB,Calgary Stampeders
1715,"Teller, Wyatt",OG,Cleveland Browns
1716,"Tenuta, Luke",OT,Indianapolis Colts
1717,"Ternowski, Tyler",WR,Hamilton Tiger-Cats
1718,"Terrell, A.J.",DB,Atlanta Falcons
1719,"Terrell, Jordan",RB,British Columbia Lions
1720,"TeSlaa, Isaac",WR,Detroit Lions
1721,"Teuhema, Sione",DL,British Columbia Lions
1722,"Tezino, Kyahva",LB,Birmingham Stallions
1723,"Theaker, Colton",K,Dallas Renegades
1724,"Theis, Travis",RB,Montreal Alouettes
1725,"Thibodeaux, Kayvon",LB,New York Giants
1726,"Thielen, Adam",WR,Pittsburgh Steelers
1727,"Thomas, A.J.",DB,St. Louis BattleHawks
1728,"Thomas, Andrew",OT,New York Giants
1729,"Thomas, Azareye’h",DB,New York Jets
1730,"Thomas, Brian",WR,Jacksonville Jaguars
1731,"Thomas, Cameron",DE,Cleveland Browns
1732,"Thomas, Charlie",LB,Houston Gamblers
1733,"Thomas, Daniel",DB,Detroit Lions
1734,"Thomas, Drake",LB,Seattle Seahawks
1735,"Thomas, Ian",TE,Las Vegas Raiders
1736,"Thomas, Isaiah",DE,Columbus Aviators
1737,"Thomas, Jaheim",LB,Louisville Kings
1738,"Thomas, Jake",DL,Winnipeg Blue Bombers
1739,"Thomas, Jordan",TE,Birmingham Stallions
1740,"Thomas, Juanyeh",DB,Dallas Cowboys
1741,"Thomas, Keir",LB,Los Angeles Rams
1742,"Thomas, Kelon",DE,Calgary Stampeders
1743,"Thomas, Kiondre",DB,DC Defenders
1744,"Thomas, Nathan",OT,Dallas Cowboys
1745,"Thomas, Rodney",DB,Indianapolis Colts
1746,"Thomas, Solomon",DT,Dallas Cowboys
1747,"Thomas, Starling",DB,Arizona Cardinals
1748,"Thomas, Tavierre",DB,Minnesota Vikings
1749,"Thomas, Thayer",WR,St. Louis BattleHawks
1750,"Thomas, Trevian",DB,Jacksonville Jaguars
1751,"Thomas, Wy'Kevious",DT,Seattle Seahawks
1752,"Thomas, Xavier",LB,Houston Texans
1753,"Thomas-Erlington, Sean",RB,Montreal Alouettes
1754,"Thompkins, Deven",WR,Atlanta Falcons
1755,"Thompkins, Fred",LB,Columbus Aviators
1756,"Thompson, BJ",DE,Calgary Stampeders
1757,"Thompson, Bryce",DB,DC Defenders
1758,"Thompson, Jalen",DB,Arizona Cardinals
1759,"Thompson, Josh",DB,Columbus Aviators
1760,"Thompson, Shaq",LB,Buffalo Bills
1761,"Thompson, Skylar",QB,Pittsburgh Steelers
1762,"Thompson-Robinson, Dorian",QB,Orlando Storm
1763,"Thornhill, Juan",DB,Jacksonville Jaguars
1764,"Thornton, Corey",DB,Carolina Panthers
1765,"Thornton, Dont'e",WR,Las Vegas Raiders
1766,"Thornton, Tyquan",WR,Kansas City Chiefs
1767,"Thrash, Jamari",WR,Cleveland Browns
1768,"Throckmorton, Calvin",OG,Denver Broncos
1769,"Thuney, Joe",OG,Chicago Bears
1770,"Thurman, Jameer",LB,Saskatchewan Roughriders
1771,"Tieide, Ezechiel",WR,Toronto Argonauts
1772,"Tillery, Jerry",DT,Kansas City Chiefs
1773,"Uche, Josh",LB,Philadelphia Eagles
1774,"Udoh, Olisaemeka",OG,Tennessee Titans
1775,"Uguak, Lwal",DL,Montreal Alouettes
1776,"Uiagalelei, D.J.",QB,Los Angeles Chargers
1777,"Ukwu, Isaac",DE,Birmingham Stallions
1778,"Ulofoshio, Edefuan",LB,Cleveland Browns
1779,"Umanmielen, Princely",LB,Carolina Panthers
1780,"Una, George",OL,British Columbia Lions
1781,"Ungerer, David",WR,Toronto Argonauts
1782,"Urban, Brent",DE,Baltimore Ravens
1783,"Uwazurike, Eyioma",DT,Denver Broncos
1784,"Vaki, Sione",RB,Detroit Lions
1785,"Valdes-Scantling, Marquez",WR,Pittsburgh Steelers
1786,"Valdez, Sebastian",DE,San Francisco 49ers
1787,"Valentine, Carrington",DB,Green Bay Packers
1788,"Valladay, Xazavian",RB,DC Defenders
1789,"Van Demark, Ryan",OT,Buffalo Bills
1790,"Van Ginkel, Andrew",LB,Minnesota Vikings
1791,"Van Lanen, Cole",OG,Jacksonville Jaguars
1792,"Van Ness, Lukas",LB,Green Bay Packers
1793,"Van Noy, Kyle",LB,Baltimore Ravens
1794,"Van Pran, Sedrick",C,Buffalo Bills
1795,"Van Roten, Greg",OG,New York Giants
1796,"Vance, Greedy",DB,Las Vegas Raiders
1797,"Vandal, Anthony",OL,Toronto Argonauts
1798,"Vannett, Nick",TE,Los Angeles Rams
1799,"VanSumeren, Ben",LB,Philadelphia Eagles
1800,"Vanterpool, Micah",OT,Winnipeg Blue Bombers
1801,"Varga, Ryder",LB,Toronto Argonauts
1802,"Vassett, Mark",P,Calgary Stampeders
1803,"Vaughn, Deuce",RB,Denver Broncos
1804,"Vaughn, Quincy",TE,Calgary Stampeders
1805,"Vaughn, Zemaiah",DB,Minnesota Vikings
1806,"Vaughns, Tyler",WR,Dallas Renegades
1807,"Vaughters, James",DL,Winnipeg Blue Bombers
1808,"Vaval, Trey",DB,Winnipeg Blue Bombers
1809,"Vavao, Mose",C,Orlando Storm
1810,"Vea, Vita",DT,Tampa Bay Buccaneers
1811,"Vele, Devaughn",WR,New Orleans Saints
1812,"Ventrelli, Donald",OL,Montreal Alouettes
1813,"Vera-Tucker, Alijah",OG,New York Jets
1814,"Verdon, Malik",LB,Atlanta Falcons
1815,"Veresuk, Devin",LB,Hamilton Tiger-Cats
1816,"Verse, Jared",LB,Los Angeles Rams
1817,"Vibert, Ethan",OL,Winnipeg Blue Bombers
1818,"Victor, Binjimen",WR,Edmonton Elks
1819,"Vidal, Kimani",RB,Los Angeles Chargers
1820,"Vigers, Car'lin",DB,Washington Commanders
1821,"Vildor, Kindle",DB,Tampa Bay Buccaneers
1822,"Vincent Jr., Kary",DB,Houston Gamblers
1823,"Vinson, Carson",OT,Baltimore Ravens
1824,"Vokolek, Travis",TE,Arizona Cardinals
1825,"Volson, Cordell",OG,Cincinnati Bengals
1826,"Vorhees, Andrew",OG,Baltimore Ravens
1827,"Vrede, Tyron",LB,Ottawa RedBlacks
1828,"Waddle, Jaylen",WR,Miami Dolphins
1829,"Wade, Dayton",WR,Baltimore Ravens
1830,"Wade, Shaun",DB,Dallas Renegades
1831,"Wadman, Colby",P,Birmingham Stallions
1832,"Waege, Spencer",DE,Hamilton Tiger-Cats
1833,"Wagner, Bobby",LB,Washington Commanders
1834,"Wagner, Dalton",OT,Las Vegas Raiders
1835,"Wagner, William",LS,Cincinnati Bengals
1836,"Waitman, Corliss",P,Pittsburgh Steelers
1837,"Wakefield, Michael",DL,Ottawa RedBlacks
1838,"Waletzko, Matt",OT,Kansas City Chiefs
1839,"Walker, Anthony",LB,Tampa Bay Buccaneers
1840,"Walker, David",LB,Tampa Bay Buccaneers
1841,"Walker, DeMarcus",DE,Washington Commanders
1842,"Walker, Deone",DT,Buffalo Bills
1843,"Walker, Devontez",WR,Baltimore Ravens
1844,"Walker, Jahdae",WR,Chicago Bears
1845,"Walker, Jailin",LB,Columbus Aviators
1846,"Walker, Jalon",DE,Atlanta Falcons
1847,"Walker, Johnny",LB,Denver Broncos
1848,"Walker, Kenneth",RB,Seattle Seahawks
1849,"Walker, Mykal",LB,New York Jets
1850,"Walker, Phillip",QB,Calgary Stampeders
1851,"Walker, Quay",LB,Green Bay Packers
1852,"Walker, Rasheed",OT,Green Bay Packers
1853,"Walker, Travon",DE,Jacksonville Jaguars
1854,"Wallace, Caedan",OT,New England Patriots
1855,"Wallace, Gabe",OL,Winnipeg Blue Bombers
1856,"Wallace, Joseph",DT,DC Defenders
1857,"Wallace, Josh",DB,Los Angeles Rams
1858,"Wallace, K'Von",DB,Houston Texans
1859,"Wallace, Trevin",LB,Carolina Panthers
1860,"Wallace, Tylan",WR,Baltimore Ravens
1861,"Waller, Darren",TE,Miami Dolphins
1862,"Walley, Justin",DB,Indianapolis Colts
1863,"Wallow, Garret",LB,San Francisco 49ers
1864,"Walthour, Tramel",DE,Dallas Renegades
1865,"Walton, Brandon",OT,Carolina Panthers
1866,"Walton, Zamari",DB,Hamilton Tiger-Cats
1867,"Ward, Cameron",QB,Tennessee Titans
1868,"Ward, Charvarius",DB,Indianapolis Colts
1869,"Ward, Denzel",DB,Cleveland Browns
1870,"Ward, Greg",WR,Dallas Renegades
1871,"Ward, Jay",DB,Minnesota Vikings
1872,"Ward, Jihad",LB,Tennessee Titans
1873,"Ward, Jimmie",DB,Houston Texans
1874,"Ward, Jonathan",RB,Baltimore Ravens
1875,"Ward, Lewis",K,Ottawa RedBlacks
1876,"Warner, Fred",LB,San Francisco 49ers
1877,"Warren, Carter",OT,Atlanta Falcons
1878,"Warren, Gareth",OT,Houston Gamblers
1879,"Warren, Jaylen",RB,Pittsburgh Steelers
1880,"Warren, Tyler",TE,Indianapolis Colts
1881,"Washington, Ar'Darius",DB,Baltimore Ravens
1882,"Washington, Broderick",DT,Baltimore Ravens
1883,"Washington, Carlos",RB,Atlanta Falcons
1884,"Washington, Casey",WR,Atlanta Falcons
1885,"Washington, Darius",OL,Saskatchewan Roughriders
1886,"Washington, Darnell",TE,Pittsburgh Steelers
1887,"Washington, Malik",WR,Miami Dolphins
1888,"Washington, Montrell",WR,DC Defenders
1889,"Washington, Parker",WR,Jacksonville Jaguars
1890,"Washington, Savion",OT,Los Angeles Chargers
1891,"Washington, Scotty",TE,Baltimore Ravens
1892,"Washington, Tahj",WR,Miami Dolphins
1893,"Washington, Trey",DB,Indianapolis Colts
1894,"Waters, Jordan",RB,St. Louis BattleHawks
1895,"Watkins, Carlos",DE,Tennessee Titans
1896,"Watkins, Jordan",WR,San Francisco 49ers
1897,"Watkins, Quez",WR,Philadelphia Eagles
1898,"Watson, Blake",RB,Tennessee Titans
1899,"Watson, Christian",WR,Green Bay Packers
1900,"Watson, Deshaun",QB,Cleveland Browns
1901,"Watson, Jaylen",DB,Kansas City Chiefs
1902,"Watson, Justin",WR,Houston Texans
1903,"Watson, Leroy",OT,Louisville Kings
1904,"Watson, Nathaniel",LB,Cleveland Browns
1905,"Watson, Tre",TE,Kansas City Chiefs
1906,"Watt, T.J.",LB,Pittsburgh Steelers
1907,"Wattenberg, Luke",C,Denver Broncos
1908,"Watts, Eric",DE,New York Jets
1909,"Watts, Markees",LB,Tampa Bay Buccaneers
1910,"Watts, Xavier",DB,Atlanta Falcons
1911,"Wax, Marlowe",LB,Los Angeles Chargers
1912,"Waxter, Isas",DB,Los Angeles Chargers
1913,"Way, Tress",P,Washington Commanders
1914,"Wayne, Jared",WR,Houston Texans
1915,"Wease, Theo",WR,Miami Dolphins
1916,"Weaver, Xavier",WR,Arizona Cardinals
1917,"Webb, Clay",OG,Tennessee Titans
1918,"Webb, Damon",DB,Calgary Stampeders
1919,"Webb, Jeremiah",WR,New England Patriots
1920,"Webb, Phillip",DL,Hamilton Tiger-Cats
1921,"Webb, Sam",DB,Cleveland Browns
1922,"Weeks, Jonathan",LS,San Francisco 49ers
1923,"Weitz, Fabian",LB,Winnipeg Blue Bombers
1924,"Welch, Kristian",LB,Green Bay Packers
1925,"Welch, Treyton",TE,New Orleans Saints
1926,"Welschof, Julius",LB,Pittsburgh Steelers
1927,"Wentz, Carson",QB,Minnesota Vikings
1928,"Ya-Sin, Rock",DB,Detroit Lions
1929,"Yankoff, Colson",TE,Washington Commanders
1930,"Yarbary, Willie",DL,Orlando Storm
1931,"Yarns, Marcus",RB,Houston Gamblers
1932,"Yassmin, Thomas",TE,Los Angeles Chargers
1933,"Yates, Brandon",OL,British Columbia Lions
1934,"Yeast, Russ",DB,Cincinnati Bengals
1935,"Yiadom, Isaac",DB,New Orleans Saints
1936,"Yondjouen, Sylvain",DL,Saskatchewan Roughriders
1937,"Young, Avery",DB,Houston Gamblers
1938,"Young, Bryce",QB,Carolina Panthers
1939,"Young, Byron",DT,Philadelphia Eagles
1940,"Young, Byron",LB,Los Angeles Rams
1941,"Young, Chase",DE,New Orleans Saints
1942,"Young, Dareke",WR,Seattle Seahawks
1943,"Young, Landon",OG,New Orleans Saints
1944,"Yurosek, Benjamin",TE,Minnesota Vikings
1945,"Zabel, Grey",OG,Seattle Seahawks
1946,"Zaccheaus, Olamide",WR,Chicago Bears
1947,"Zakelj, Nick",OT,San Francisco 49ers
1948,"Zappe, Bailey",QB,Cleveland Browns
1949,"Zavala, Chandler",OG,Carolina Panthers
1950,"Zeitler, Kevin",OG,Tennessee Titans
1951,"Zema, Joe",K,Montreal Alouettes
1952,"Zerr, Noah",OL,Saskatchewan Roughriders
1953,"Zierer, Kilian",OT,Jacksonville Jaguars
1954,"Zinter, Zak",OG,Cleveland Browns
1955,"Zylstra, Shane",TE,Detroit Lions
